{
	"credit": "Made by Aiden (feignedmars4438 on discord)",
	"elements": [
		{
			"from": [0, 0.1, 2],
			"to": [16, 7.4, 14],
			"color": 7,
			"faces": {
				"north": {"uv": [0, 0, 16, 7.3], "texture": "#missing"},
				"east": {"uv": [0, 0, 12, 7.3], "texture": "#missing"},
				"south": {"uv": [0, 0, 16, 7.3], "texture": "#missing"},
				"west": {"uv": [0, 0, 12, 7.3], "texture": "#missing"},
				"up": {"uv": [0, 0, 16, 12], "texture": "#missing"},
				"down": {"uv": [0, 0, 16, 12], "texture": "#missing"}
			}
		},
		{
			"from": [-0.3, 0, 1.7],
			"to": [1.3, 6, 3.3],
			"color": 3,
			"faces": {
				"north": {"uv": [0, 0, 1.6, 6], "texture": "#missing"},
				"east": {"uv": [0, 0, 1.6, 6], "texture": "#missing"},
				"south": {"uv": [0, 0, 1.6, 6], "texture": "#missing"},
				"west": {"uv": [0, 0, 1.6, 6], "texture": "#missing"},
				"up": {"uv": [0, 0, 1.6, 1.6], "texture": "#missing"},
				"down": {"uv": [0, 0, 1.6, 1.6], "texture": "#missing"}
			}
		},
		{
			"from": [-1.24358, 7.03003, 1.45],
			"to": [0.35642, 12.83003, 3.05],
			"rotation": {"angle": 22.5, "axis": "z", "origin": [-0.44358, 8.83003, 2]},
			"color": 3,
			"faces": {
				"north": {"uv": [0, 0, 1.6, 5.8], "texture": "#missing"},
				"east": {"uv": [0, 0, 1.6, 5.8], "texture": "#missing"},
				"south": {"uv": [0, 0, 1.6, 5.8], "texture": "#missing"},
				"west": {"uv": [0, 0, 1.6, 5.8], "texture": "#missing"},
				"up": {"uv": [0, 0, 1.6, 1.6], "texture": "#missing"},
				"down": {"uv": [0, 0, 1.6, 1.6], "texture": "#missing"}
			}
		},
		{
			"from": [-0.91758, 7.88386, 1.475],
			"to": [2.88242, 9.48386, 3.025],
			"rotation": {"angle": 45, "axis": "z", "origin": [-5.11758, 8.68386, 2]},
			"color": 3,
			"faces": {
				"north": {"uv": [0, 0, 1.6, 3.8], "rotation": 270, "texture": "#missing"},
				"east": {"uv": [0, 0, 1.6, 1.55], "rotation": 90, "texture": "#missing"},
				"south": {"uv": [0, 0, 1.6, 3.8], "rotation": 90, "texture": "#missing"},
				"west": {"uv": [0, 0, 1.6, 1.55], "rotation": 90, "texture": "#missing"},
				"up": {"uv": [0, 0, 1.55, 3.8], "rotation": 90, "texture": "#missing"},
				"down": {"uv": [0, 0, 1.55, 3.8], "rotation": 90, "texture": "#missing"}
			}
		},
		{
			"from": [0.59944, 11.76003, 1.5],
			"to": [4.39944, 13.36003, 3],
			"rotation": {"angle": 22.5, "axis": "z", "origin": [-3.60056, 12.56003, 2]},
			"color": 3,
			"faces": {
				"north": {"uv": [0, 0, 1.6, 3.8], "rotation": 270, "texture": "#missing"},
				"east": {"uv": [0, 0, 1.6, 1.5], "rotation": 90, "texture": "#missing"},
				"south": {"uv": [0, 0, 1.6, 3.8], "rotation": 90, "texture": "#missing"},
				"west": {"uv": [0, 0, 1.6, 1.5], "rotation": 90, "texture": "#missing"},
				"up": {"uv": [0, 0, 1.5, 3.8], "rotation": 90, "texture": "#missing"},
				"down": {"uv": [0, 0, 1.5, 3.8], "rotation": 90, "texture": "#missing"}
			}
		},
		{
			"from": [-0.91758, 7.88386, 12.975],
			"to": [2.88242, 9.48386, 14.525],
			"rotation": {"angle": 45, "axis": "z", "origin": [-5.11758, 8.68386, 14]},
			"color": 3,
			"faces": {
				"north": {"uv": [0, 3.8, 1.6, 0], "rotation": 90, "texture": "#missing"},
				"east": {"uv": [0, 1.55, 1.6, 0], "rotation": 90, "texture": "#missing"},
				"south": {"uv": [0, 3.8, 1.6, 0], "rotation": 270, "texture": "#missing"},
				"west": {"uv": [0, 1.55, 1.6, 0], "rotation": 90, "texture": "#missing"},
				"up": {"uv": [1.55, 0, 0, 3.8], "rotation": 90, "texture": "#missing"},
				"down": {"uv": [1.55, 0, 0, 3.8], "rotation": 90, "texture": "#missing"}
			}
		},
		{
			"from": [0.59944, 11.76003, 13],
			"to": [4.39944, 13.36003, 14.5],
			"rotation": {"angle": 22.5, "axis": "z", "origin": [-3.60056, 12.56003, 14]},
			"color": 3,
			"faces": {
				"north": {"uv": [0, 3.8, 1.6, 0], "rotation": 90, "texture": "#missing"},
				"east": {"uv": [0, 1.5, 1.6, 0], "rotation": 90, "texture": "#missing"},
				"south": {"uv": [0, 3.8, 1.6, 0], "rotation": 270, "texture": "#missing"},
				"west": {"uv": [0, 1.5, 1.6, 0], "rotation": 90, "texture": "#missing"},
				"up": {"uv": [1.5, 0, 0, 3.8], "rotation": 90, "texture": "#missing"},
				"down": {"uv": [1.5, 0, 0, 3.8], "rotation": 90, "texture": "#missing"}
			}
		},
		{
			"from": [13.11758, 7.88386, 12.975],
			"to": [16.91758, 9.48386, 14.525],
			"rotation": {"angle": -45, "axis": "z", "origin": [21.11758, 8.68386, 14]},
			"color": 3,
			"faces": {
				"north": {"uv": [0, 0, 1.6, 3.8], "rotation": 90, "texture": "#missing"},
				"east": {"uv": [0, 0, 1.6, 1.55], "rotation": 90, "texture": "#missing"},
				"south": {"uv": [0, 0, 1.6, 3.8], "rotation": 270, "texture": "#missing"},
				"west": {"uv": [0, 0, 1.6, 1.55], "rotation": 90, "texture": "#missing"},
				"up": {"uv": [1.55, 3.8, 0, 0], "rotation": 90, "texture": "#missing"},
				"down": {"uv": [1.55, 3.8, 0, 0], "rotation": 90, "texture": "#missing"}
			}
		},
		{
			"from": [11.60056, 11.76003, 13],
			"to": [15.40056, 13.36003, 14.5],
			"rotation": {"angle": -22.5, "axis": "z", "origin": [19.60056, 12.56003, 14]},
			"color": 3,
			"faces": {
				"north": {"uv": [0, 0, 1.6, 3.8], "rotation": 90, "texture": "#missing"},
				"east": {"uv": [0, 0, 1.6, 1.5], "rotation": 90, "texture": "#missing"},
				"south": {"uv": [0, 0, 1.6, 3.8], "rotation": 270, "texture": "#missing"},
				"west": {"uv": [0, 0, 1.6, 1.5], "rotation": 90, "texture": "#missing"},
				"up": {"uv": [1.5, 3.8, 0, 0], "rotation": 90, "texture": "#missing"},
				"down": {"uv": [1.5, 3.8, 0, 0], "rotation": 90, "texture": "#missing"}
			}
		},
		{
			"from": [13.11758, 7.88386, 1.475],
			"to": [16.91758, 9.48386, 3.025],
			"rotation": {"angle": -45, "axis": "z", "origin": [21.11758, 8.68386, 2]},
			"color": 3,
			"faces": {
				"north": {"uv": [0, 3.8, 1.6, 0], "rotation": 270, "texture": "#missing"},
				"east": {"uv": [0, 1.55, 1.6, 0], "rotation": 90, "texture": "#missing"},
				"south": {"uv": [0, 3.8, 1.6, 0], "rotation": 90, "texture": "#missing"},
				"west": {"uv": [0, 1.55, 1.6, 0], "rotation": 90, "texture": "#missing"},
				"up": {"uv": [0, 3.8, 1.55, 0], "rotation": 90, "texture": "#missing"},
				"down": {"uv": [0, 3.8, 1.55, 0], "rotation": 90, "texture": "#missing"}
			}
		},
		{
			"from": [13.11758, 9.23386, 3.025],
			"to": [16.91758, 9.23386, 13.025],
			"rotation": {"angle": -45, "axis": "z", "origin": [21.11758, 8.68386, 2]},
			"color": 3,
			"faces": {
				"north": {"uv": [0, 3.8, 0, 7.6], "rotation": 270, "texture": "#missing"},
				"east": {"uv": [0, 1.55, 0, 11.55], "rotation": 90, "texture": "#missing"},
				"south": {"uv": [0, 3.8, 0, 7.6], "rotation": 90, "texture": "#missing"},
				"west": {"uv": [0, 1.55, 0, 11.55], "rotation": 90, "texture": "#missing"},
				"up": {"uv": [0, 3.8, 10, 7.6], "rotation": 90, "texture": "#missing"},
				"down": {"uv": [0, 3.8, 10, 7.6], "rotation": 90, "texture": "#missing"}
			}
		},
		{
			"from": [11.52016, 13.16493, 3.025],
			"to": [15.32016, 13.16493, 13.025],
			"rotation": {"angle": -22.5, "axis": "z", "origin": [19.52016, 12.61493, 2]},
			"color": 3,
			"faces": {
				"north": {"uv": [0, 3.8, 0, 7.6], "rotation": 270, "texture": "#missing"},
				"east": {"uv": [0, 1.55, 0, 11.55], "rotation": 90, "texture": "#missing"},
				"south": {"uv": [0, 3.8, 0, 7.6], "rotation": 90, "texture": "#missing"},
				"west": {"uv": [0, 1.55, 0, 11.55], "rotation": 90, "texture": "#missing"},
				"up": {"uv": [0, 3.8, 10, 7.6], "rotation": 90, "texture": "#missing"},
				"down": {"uv": [0, 3.8, 10, 7.6], "rotation": 90, "texture": "#missing"}
			}
		},
		{
			"from": [-0.91758, 9.23386, 3.025],
			"to": [2.88242, 9.23386, 13.025],
			"rotation": {"angle": 45, "axis": "z", "origin": [-5.11758, 8.68386, 2]},
			"color": 3,
			"faces": {
				"north": {"uv": [0, 7.6, 0, 3.8], "rotation": 270, "texture": "#missing"},
				"east": {"uv": [0, 11.55, 0, 1.55], "rotation": 90, "texture": "#missing"},
				"south": {"uv": [0, 7.6, 0, 3.8], "rotation": 90, "texture": "#missing"},
				"west": {"uv": [0, 11.55, 0, 1.55], "rotation": 90, "texture": "#missing"},
				"up": {"uv": [0, 7.6, 10, 3.8], "rotation": 90, "texture": "#missing"},
				"down": {"uv": [0, 7.6, 10, 3.8], "rotation": 90, "texture": "#missing"}
			}
		},
		{
			"from": [0.67984, 13.16493, 3.025],
			"to": [4.47984, 13.16493, 13.025],
			"rotation": {"angle": 22.5, "axis": "z", "origin": [-3.52016, 12.61493, 2]},
			"color": 3,
			"faces": {
				"north": {"uv": [0, 7.6, 0, 3.8], "rotation": 270, "texture": "#missing"},
				"east": {"uv": [0, 11.55, 0, 1.55], "rotation": 90, "texture": "#missing"},
				"south": {"uv": [0, 7.6, 0, 3.8], "rotation": 90, "texture": "#missing"},
				"west": {"uv": [0, 11.55, 0, 1.55], "rotation": 90, "texture": "#missing"},
				"up": {"uv": [0, 7.6, 10, 3.8], "rotation": 90, "texture": "#missing"},
				"down": {"uv": [0, 7.6, 10, 3.8], "rotation": 90, "texture": "#missing"}
			}
		},
		{
			"from": [11.60056, 11.76003, 1.5],
			"to": [15.40056, 13.36003, 3],
			"rotation": {"angle": -22.5, "axis": "z", "origin": [19.60056, 12.56003, 2]},
			"color": 3,
			"faces": {
				"north": {"uv": [0, 3.8, 1.6, 0], "rotation": 270, "texture": "#missing"},
				"east": {"uv": [0, 1.5, 1.6, 0], "rotation": 90, "texture": "#missing"},
				"south": {"uv": [0, 3.8, 1.6, 0], "rotation": 90, "texture": "#missing"},
				"west": {"uv": [0, 1.5, 1.6, 0], "rotation": 90, "texture": "#missing"},
				"up": {"uv": [0, 3.8, 1.5, 0], "rotation": 90, "texture": "#missing"},
				"down": {"uv": [0, 3.8, 1.5, 0], "rotation": 90, "texture": "#missing"}
			}
		},
		{
			"from": [3.48433, 14.7606, 1.55],
			"to": [12.53433, 16.3606, 3],
			"rotation": {"angle": 0, "axis": "z", "origin": [-0.71567, 15.5606, 14.025]},
			"color": 3,
			"faces": {
				"north": {"uv": [0, 0, 1.6, 9.05], "rotation": 270, "texture": "#missing"},
				"east": {"uv": [0, 0, 1.6, 1.45], "rotation": 90, "texture": "#missing"},
				"south": {"uv": [0, 0, 1.6, 9.05], "rotation": 90, "texture": "#missing"},
				"west": {"uv": [0, 0, 1.6, 1.45], "rotation": 90, "texture": "#missing"},
				"up": {"uv": [0, 0, 1.45, 9.05], "rotation": 90, "texture": "#missing"},
				"down": {"uv": [0, 0, 1.45, 9.05], "rotation": 90, "texture": "#missing"}
			}
		},
		{
			"from": [4.98433, 16.1606, 3.05],
			"to": [11.03433, 16.1606, 13],
			"rotation": {"angle": 0, "axis": "z", "origin": [-0.71567, 15.5606, 14.025]},
			"color": 3,
			"faces": {
				"north": {"uv": [0, 0, 0, 6.05], "rotation": 270, "texture": "#missing"},
				"east": {"uv": [0, 0, 0, 9.95], "rotation": 90, "texture": "#missing"},
				"south": {"uv": [0, 0, 0, 6.05], "rotation": 90, "texture": "#missing"},
				"west": {"uv": [0, 0, 0, 9.95], "rotation": 90, "texture": "#missing"},
				"up": {"uv": [0, 0, 9.95, 6.05], "rotation": 90, "texture": "#missing"},
				"down": {"uv": [0, 0, 9.95, 6.05], "rotation": 90, "texture": "#missing"}
			}
		},
		{
			"from": [3.48433, 14.7606, 13],
			"to": [12.53433, 16.3606, 14.45],
			"rotation": {"angle": 0, "axis": "z", "origin": [-0.71567, 15.5606, 25.475]},
			"color": 3,
			"faces": {
				"north": {"uv": [0, 0, 1.6, 9.05], "rotation": 270, "texture": "#missing"},
				"east": {"uv": [0, 0, 1.6, 1.45], "rotation": 90, "texture": "#missing"},
				"south": {"uv": [0, 0, 1.6, 9.05], "rotation": 90, "texture": "#missing"},
				"west": {"uv": [0, 0, 1.6, 1.45], "rotation": 90, "texture": "#missing"},
				"up": {"uv": [0, 0, 1.45, 9.05], "rotation": 90, "texture": "#missing"},
				"down": {"uv": [0, 0, 1.45, 9.05], "rotation": 90, "texture": "#missing"}
			}
		},
		{
			"from": [-1.24358, 7.03003, 12.95],
			"to": [0.35642, 12.83003, 14.55],
			"rotation": {"angle": 22.5, "axis": "z", "origin": [-0.44358, 8.83003, 14]},
			"color": 3,
			"faces": {
				"north": {"uv": [1.6, 0, 0, 5.8], "texture": "#missing"},
				"east": {"uv": [1.6, 0, 0, 5.8], "texture": "#missing"},
				"south": {"uv": [1.6, 0, 0, 5.8], "texture": "#missing"},
				"west": {"uv": [1.6, 0, 0, 5.8], "texture": "#missing"},
				"up": {"uv": [0, 1.6, 1.6, 0], "texture": "#missing"},
				"down": {"uv": [0, 1.6, 1.6, 0], "texture": "#missing"}
			}
		},
		{
			"from": [3.48433, 7.4606, 12.85],
			"to": [5.08433, 14.7606, 14.45],
			"rotation": {"angle": 0, "axis": "z", "origin": [0.28433, 10.7606, 13.9]},
			"color": 3,
			"faces": {
				"north": {"uv": [1.6, 0, 3.2, 7.3], "texture": "#missing"},
				"east": {"uv": [1.6, 0, 3.2, 7.3], "texture": "#missing"},
				"south": {"uv": [1.6, 0, 3.2, 7.3], "texture": "#missing"},
				"west": {"uv": [1.6, 0, 3.2, 7.3], "texture": "#missing"},
				"up": {"uv": [0, 1.6, 1.6, 3.2], "texture": "#missing"},
				"down": {"uv": [0, 1.6, 1.6, 3.2], "texture": "#missing"}
			}
		},
		{
			"from": [10.91567, 7.4606, 12.85],
			"to": [12.51567, 14.7606, 14.45],
			"rotation": {"angle": 0, "axis": "z", "origin": [15.71567, 10.7606, 13.9]},
			"color": 3,
			"faces": {
				"north": {"uv": [3.2, 0, 1.6, 7.3], "texture": "#missing"},
				"east": {"uv": [3.2, 0, 1.6, 7.3], "texture": "#missing"},
				"south": {"uv": [3.2, 0, 1.6, 7.3], "texture": "#missing"},
				"west": {"uv": [3.2, 0, 1.6, 7.3], "texture": "#missing"},
				"up": {"uv": [1.6, 1.6, 0, 3.2], "texture": "#missing"},
				"down": {"uv": [1.6, 1.6, 0, 3.2], "texture": "#missing"}
			}
		},
		{
			"from": [10.91567, 7.4606, 1.55],
			"to": [12.51567, 14.7606, 3.15],
			"rotation": {"angle": 0, "axis": "z", "origin": [15.71567, 10.7606, 2.1]},
			"color": 3,
			"faces": {
				"north": {"uv": [1.6, 0, 3.2, 7.3], "texture": "#missing"},
				"east": {"uv": [1.6, 0, 3.2, 7.3], "texture": "#missing"},
				"south": {"uv": [1.6, 0, 3.2, 7.3], "texture": "#missing"},
				"west": {"uv": [1.6, 0, 3.2, 7.3], "texture": "#missing"},
				"up": {"uv": [1.6, 3.2, 0, 1.6], "texture": "#missing"},
				"down": {"uv": [1.6, 3.2, 0, 1.6], "texture": "#missing"}
			}
		},
		{
			"from": [5.01567, 7.4606, 1.75],
			"to": [10.91567, 14.7606, 1.75],
			"rotation": {"angle": 0, "axis": "z", "origin": [15.71567, 10.7606, 2.1]},
			"color": 3,
			"faces": {
				"north": {"uv": [1.6, 0, 7.5, 7.3], "texture": "#missing"},
				"east": {"uv": [1.6, 0, 1.6, 7.3], "texture": "#missing"},
				"south": {"uv": [1.6, 0, 7.5, 7.3], "texture": "#missing"},
				"west": {"uv": [1.6, 0, 1.6, 7.3], "texture": "#missing"},
				"up": {"uv": [1.6, 3.2, 7.5, 3.2], "texture": "#missing"},
				"down": {"uv": [1.6, 3.2, 7.5, 3.2], "texture": "#missing"}
			}
		},
		{
			"from": [12.51567, 7.4606, 1.75],
			"to": [15.41567, 14.7606, 1.75],
			"rotation": {"angle": 0, "axis": "z", "origin": [15.71567, 10.7606, 2.1]},
			"color": 3,
			"faces": {
				"north": {"uv": [1.6, 0, 4.5, 7.3], "texture": "#missing"},
				"east": {"uv": [1.6, 0, 1.6, 7.3], "texture": "#missing"},
				"south": {"uv": [1.6, 0, 4.5, 7.3], "texture": "#missing"},
				"west": {"uv": [1.6, 0, 1.6, 7.3], "texture": "#missing"},
				"up": {"uv": [1.6, 3.2, 4.5, 3.2], "texture": "#missing"},
				"down": {"uv": [1.6, 3.2, 4.5, 3.2], "texture": "#missing"}
			}
		},
		{
			"from": [15.41567, 8.4606, 1.75],
			"to": [17.11567, 13.7606, 1.75],
			"rotation": {"angle": 0, "axis": "z", "origin": [15.71567, 10.7606, 2.1]},
			"color": 3,
			"faces": {
				"north": {"uv": [1.6, 0, 3.3, 5.3], "texture": "#missing"},
				"east": {"uv": [1.6, 0, 1.6, 5.3], "texture": "#missing"},
				"south": {"uv": [1.6, 0, 3.3, 5.3], "texture": "#missing"},
				"west": {"uv": [1.6, 0, 1.6, 5.3], "texture": "#missing"},
				"up": {"uv": [1.6, 3.2, 3.3, 3.2], "texture": "#missing"},
				"down": {"uv": [1.6, 3.2, 3.3, 3.2], "texture": "#missing"}
			}
		},
		{
			"from": [12.51567, 7.4606, 14.25],
			"to": [15.41567, 14.7606, 14.25],
			"rotation": {"angle": 0, "axis": "z", "origin": [15.71567, 10.7606, 13.9]},
			"color": 3,
			"faces": {
				"north": {"uv": [4.5, 0, 1.6, 7.3], "texture": "#missing"},
				"east": {"uv": [1.6, 0, 1.6, 7.3], "texture": "#missing"},
				"south": {"uv": [4.5, 0, 1.6, 7.3], "texture": "#missing"},
				"west": {"uv": [1.6, 0, 1.6, 7.3], "texture": "#missing"},
				"up": {"uv": [1.6, 3.2, 4.5, 3.2], "texture": "#missing"},
				"down": {"uv": [1.6, 3.2, 4.5, 3.2], "texture": "#missing"}
			}
		},
		{
			"from": [15.41567, 8.4606, 14.25],
			"to": [17.11567, 13.7606, 14.25],
			"rotation": {"angle": 0, "axis": "z", "origin": [15.71567, 10.7606, 13.9]},
			"color": 3,
			"faces": {
				"north": {"uv": [3.3, 0, 1.6, 5.3], "texture": "#missing"},
				"east": {"uv": [1.6, 0, 1.6, 5.3], "texture": "#missing"},
				"south": {"uv": [3.3, 0, 1.6, 5.3], "texture": "#missing"},
				"west": {"uv": [1.6, 0, 1.6, 5.3], "texture": "#missing"},
				"up": {"uv": [1.6, 3.2, 3.3, 3.2], "texture": "#missing"},
				"down": {"uv": [1.6, 3.2, 3.3, 3.2], "texture": "#missing"}
			}
		},
		{
			"from": [0.58433, 7.4606, 14.25],
			"to": [3.48433, 14.7606, 14.25],
			"rotation": {"angle": 0, "axis": "z", "origin": [0.28433, 10.7606, 13.9]},
			"color": 3,
			"faces": {
				"north": {"uv": [1.6, 0, 4.5, 7.3], "texture": "#missing"},
				"east": {"uv": [1.6, 0, 1.6, 7.3], "texture": "#missing"},
				"south": {"uv": [1.6, 0, 4.5, 7.3], "texture": "#missing"},
				"west": {"uv": [1.6, 0, 1.6, 7.3], "texture": "#missing"},
				"up": {"uv": [4.5, 3.2, 1.6, 3.2], "texture": "#missing"},
				"down": {"uv": [4.5, 3.2, 1.6, 3.2], "texture": "#missing"}
			}
		},
		{
			"from": [-1.11567, 8.4606, 14.25],
			"to": [0.58433, 13.7606, 14.25],
			"rotation": {"angle": 0, "axis": "z", "origin": [0.28433, 10.7606, 13.9]},
			"color": 3,
			"faces": {
				"north": {"uv": [1.6, 0, 3.3, 5.3], "texture": "#missing"},
				"east": {"uv": [1.6, 0, 1.6, 5.3], "texture": "#missing"},
				"south": {"uv": [1.6, 0, 3.3, 5.3], "texture": "#missing"},
				"west": {"uv": [1.6, 0, 1.6, 5.3], "texture": "#missing"},
				"up": {"uv": [3.3, 3.2, 1.6, 3.2], "texture": "#missing"},
				"down": {"uv": [3.3, 3.2, 1.6, 3.2], "texture": "#missing"}
			}
		},
		{
			"from": [0.58433, 7.4606, 1.75],
			"to": [3.48433, 14.7606, 1.75],
			"rotation": {"angle": 0, "axis": "z", "origin": [0.28433, 10.7606, 2.1]},
			"color": 3,
			"faces": {
				"north": {"uv": [4.5, 0, 1.6, 7.3], "texture": "#missing"},
				"east": {"uv": [1.6, 0, 1.6, 7.3], "texture": "#missing"},
				"south": {"uv": [4.5, 0, 1.6, 7.3], "texture": "#missing"},
				"west": {"uv": [1.6, 0, 1.6, 7.3], "texture": "#missing"},
				"up": {"uv": [4.5, 3.2, 1.6, 3.2], "texture": "#missing"},
				"down": {"uv": [4.5, 3.2, 1.6, 3.2], "texture": "#missing"}
			}
		},
		{
			"from": [-1.11567, 8.4606, 1.75],
			"to": [0.58433, 13.7606, 1.75],
			"rotation": {"angle": 0, "axis": "z", "origin": [0.28433, 10.7606, 2.1]},
			"color": 3,
			"faces": {
				"north": {"uv": [3.3, 0, 1.6, 5.3], "texture": "#missing"},
				"east": {"uv": [1.6, 0, 1.6, 5.3], "texture": "#missing"},
				"south": {"uv": [3.3, 0, 1.6, 5.3], "texture": "#missing"},
				"west": {"uv": [1.6, 0, 1.6, 5.3], "texture": "#missing"},
				"up": {"uv": [3.3, 3.2, 1.6, 3.2], "texture": "#missing"},
				"down": {"uv": [3.3, 3.2, 1.6, 3.2], "texture": "#missing"}
			}
		},
		{
			"from": [5.01567, 7.4606, 14.25],
			"to": [10.91567, 14.7606, 14.25],
			"rotation": {"angle": 0, "axis": "z", "origin": [15.71567, 10.7606, 13.9]},
			"color": 3,
			"faces": {
				"north": {"uv": [7.5, 0, 1.6, 7.3], "texture": "#missing"},
				"east": {"uv": [1.6, 0, 1.6, 7.3], "texture": "#missing"},
				"south": {"uv": [7.5, 0, 1.6, 7.3], "texture": "#missing"},
				"west": {"uv": [1.6, 0, 1.6, 7.3], "texture": "#missing"},
				"up": {"uv": [1.6, 3.2, 7.5, 3.2], "texture": "#missing"},
				"down": {"uv": [1.6, 3.2, 7.5, 3.2], "texture": "#missing"}
			}
		},
		{
			"from": [3.48433, 7.4606, 1.55],
			"to": [5.08433, 14.7606, 3.15],
			"rotation": {"angle": 0, "axis": "z", "origin": [0.28433, 10.7606, 2.1]},
			"color": 3,
			"faces": {
				"north": {"uv": [3.2, 0, 1.6, 7.3], "texture": "#missing"},
				"east": {"uv": [3.2, 0, 1.6, 7.3], "texture": "#missing"},
				"south": {"uv": [3.2, 0, 1.6, 7.3], "texture": "#missing"},
				"west": {"uv": [3.2, 0, 1.6, 7.3], "texture": "#missing"},
				"up": {"uv": [0, 3.2, 1.6, 1.6], "texture": "#missing"},
				"down": {"uv": [0, 3.2, 1.6, 1.6], "texture": "#missing"}
			}
		},
		{
			"from": [-1.04358, 7.03003, 3.05],
			"to": [-1.04358, 12.83003, 12.95],
			"rotation": {"angle": 22.5, "axis": "z", "origin": [-0.44358, 8.83003, 14]},
			"color": 3,
			"faces": {
				"north": {"uv": [1.6, 0, 1.6, 5.8], "texture": "#missing"},
				"east": {"uv": [1.6, 0, 11.5, 5.8], "texture": "#missing"},
				"south": {"uv": [1.6, 0, 1.6, 5.8], "texture": "#missing"},
				"west": {"uv": [1.6, 0, 11.5, 5.8], "texture": "#missing"},
				"up": {"uv": [0, 1.6, 0, 11.5], "texture": "#missing"},
				"down": {"uv": [0, 1.6, 0, 11.5], "texture": "#missing"}
			}
		},
		{
			"from": [17.04358, 7.03003, 3.05],
			"to": [17.04358, 12.83003, 12.95],
			"rotation": {"angle": -22.5, "axis": "z", "origin": [16.44358, 8.83003, 14]},
			"color": 3,
			"faces": {
				"north": {"uv": [1.6, 0, 1.6, 5.8], "texture": "#missing"},
				"east": {"uv": [11.5, 0, 1.6, 5.8], "texture": "#missing"},
				"south": {"uv": [1.6, 0, 1.6, 5.8], "texture": "#missing"},
				"west": {"uv": [11.5, 0, 1.6, 5.8], "texture": "#missing"},
				"up": {"uv": [0, 1.6, 0, 11.5], "texture": "#missing"},
				"down": {"uv": [0, 1.6, 0, 11.5], "texture": "#missing"}
			}
		},
		{
			"from": [15.64358, 7.03003, 12.95],
			"to": [17.24358, 12.83003, 14.55],
			"rotation": {"angle": -22.5, "axis": "z", "origin": [16.44358, 8.83003, 14]},
			"color": 3,
			"faces": {
				"north": {"uv": [0, 0, 1.6, 5.8], "texture": "#missing"},
				"east": {"uv": [0, 0, 1.6, 5.8], "texture": "#missing"},
				"south": {"uv": [0, 0, 1.6, 5.8], "texture": "#missing"},
				"west": {"uv": [0, 0, 1.6, 5.8], "texture": "#missing"},
				"up": {"uv": [1.6, 1.6, 0, 0], "texture": "#missing"},
				"down": {"uv": [1.6, 1.6, 0, 0], "texture": "#missing"}
			}
		},
		{
			"from": [15.64358, 7.03003, 1.45],
			"to": [17.24358, 12.83003, 3.05],
			"rotation": {"angle": -22.5, "axis": "z", "origin": [16.44358, 8.83003, 2]},
			"color": 3,
			"faces": {
				"north": {"uv": [1.6, 0, 0, 5.8], "texture": "#missing"},
				"east": {"uv": [1.6, 0, 0, 5.8], "texture": "#missing"},
				"south": {"uv": [1.6, 0, 0, 5.8], "texture": "#missing"},
				"west": {"uv": [1.6, 0, 0, 5.8], "texture": "#missing"},
				"up": {"uv": [1.6, 0, 0, 1.6], "texture": "#missing"},
				"down": {"uv": [1.6, 0, 0, 1.6], "texture": "#missing"}
			}
		},
		{
			"from": [15.64358, 11.03003, 3.05],
			"to": [17.24358, 12.83003, 12.95],
			"rotation": {"angle": -22.5, "axis": "z", "origin": [16.44358, 8.83003, 2]},
			"color": 3,
			"faces": {
				"north": {"uv": [1.6, 0, 3.2, 1.8], "texture": "#missing"},
				"east": {"uv": [1.6, 0, 11.5, 1.8], "texture": "#missing"},
				"south": {"uv": [1.6, 0, 3.2, 1.8], "texture": "#missing"},
				"west": {"uv": [1.6, 0, 11.5, 1.8], "texture": "#missing"},
				"up": {"uv": [1.6, 0, 3.2, 9.9], "texture": "#missing"},
				"down": {"uv": [1.6, 0, 3.2, 9.9], "texture": "#missing"}
			}
		},
		{
			"from": [10.93433, 14.5606, 2.9],
			"to": [12.53433, 16.3606, 13],
			"rotation": {"angle": 0, "axis": "z", "origin": [11.73433, 9.3606, 1.95]},
			"color": 3,
			"faces": {
				"north": {"uv": [1.6, 0, 3.2, 1.8], "texture": "#missing"},
				"east": {"uv": [1.6, 0, 11.7, 1.8], "texture": "#missing"},
				"south": {"uv": [1.6, 0, 3.2, 1.8], "texture": "#missing"},
				"west": {"uv": [1.6, 0, 11.7, 1.8], "texture": "#missing"},
				"up": {"uv": [1.6, 0, 3.2, 10.1], "texture": "#missing"},
				"down": {"uv": [1.6, 0, 3.2, 10.1], "texture": "#missing"}
			}
		},
		{
			"from": [3.48433, 14.5606, 2.9],
			"to": [5.08433, 16.3606, 13],
			"rotation": {"angle": 0, "axis": "z", "origin": [4.28433, 9.3606, 1.95]},
			"color": 3,
			"faces": {
				"north": {"uv": [1.6, 0, 3.2, 1.8], "texture": "#missing"},
				"east": {"uv": [1.6, 0, 11.7, 1.8], "texture": "#missing"},
				"south": {"uv": [1.6, 0, 3.2, 1.8], "texture": "#missing"},
				"west": {"uv": [1.6, 0, 11.7, 1.8], "texture": "#missing"},
				"up": {"uv": [1.6, 0, 3.2, 10.1], "texture": "#missing"},
				"down": {"uv": [1.6, 0, 3.2, 10.1], "texture": "#missing"}
			}
		},
		{
			"from": [-1.24358, 11.03003, 3.05],
			"to": [0.35642, 12.83003, 12.95],
			"rotation": {"angle": 22.5, "axis": "z", "origin": [-0.44358, 8.83003, 2]},
			"color": 3,
			"faces": {
				"north": {"uv": [3.2, 0, 1.6, 1.8], "texture": "#missing"},
				"east": {"uv": [11.5, 0, 1.6, 1.8], "texture": "#missing"},
				"south": {"uv": [3.2, 0, 1.6, 1.8], "texture": "#missing"},
				"west": {"uv": [11.5, 0, 1.6, 1.8], "texture": "#missing"},
				"up": {"uv": [3.2, 0, 1.6, 9.9], "texture": "#missing"},
				"down": {"uv": [3.2, 0, 1.6, 9.9], "texture": "#missing"}
			}
		},
		{
			"from": [-0.3, 0, 12.7],
			"to": [1.3, 6, 14.3],
			"color": 3,
			"faces": {
				"north": {"uv": [0, 0, 1.6, 6], "texture": "#missing"},
				"east": {"uv": [0, 0, 1.6, 6], "texture": "#missing"},
				"south": {"uv": [0, 0, 1.6, 6], "texture": "#missing"},
				"west": {"uv": [0, 0, 1.6, 6], "texture": "#missing"},
				"up": {"uv": [0, 0, 1.6, 1.6], "texture": "#missing"},
				"down": {"uv": [0, 0, 1.6, 1.6], "texture": "#missing"}
			}
		},
		{
			"from": [14.7, 0, 12.7],
			"to": [16.3, 6, 14.3],
			"rotation": {"angle": 0, "axis": "y", "origin": [16, 0, 0]},
			"color": 3,
			"faces": {
				"north": {"uv": [1.6, 0, 0, 6], "texture": "#missing"},
				"east": {"uv": [1.6, 0, 0, 6], "texture": "#missing"},
				"south": {"uv": [1.6, 0, 0, 6], "texture": "#missing"},
				"west": {"uv": [1.6, 0, 0, 6], "texture": "#missing"},
				"up": {"uv": [1.6, 0, 0, 1.6], "texture": "#missing"},
				"down": {"uv": [1.6, 0, 0, 1.6], "texture": "#missing"}
			}
		},
		{
			"from": [14.7, 0, 1.7],
			"to": [16.3, 6, 3.3],
			"rotation": {"angle": 0, "axis": "y", "origin": [16, 0, 0]},
			"color": 3,
			"faces": {
				"north": {"uv": [1.6, 0, 0, 6], "texture": "#missing"},
				"east": {"uv": [1.6, 0, 0, 6], "texture": "#missing"},
				"south": {"uv": [1.6, 0, 0, 6], "texture": "#missing"},
				"west": {"uv": [1.6, 0, 0, 6], "texture": "#missing"},
				"up": {"uv": [1.6, 0, 0, 1.6], "texture": "#missing"},
				"down": {"uv": [1.6, 0, 0, 1.6], "texture": "#missing"}
			}
		},
		{
			"from": [1.3, 6, 1.2],
			"to": [14.9, 7.6, 3.3],
			"rotation": {"angle": 0, "axis": "z", "origin": [16.3, 7.3, 0]},
			"color": 3,
			"faces": {
				"north": {"uv": [1.6, 0, 3.2, 13.6], "rotation": 90, "texture": "#missing"},
				"east": {"uv": [1.6, 0, 3.2, 2.1], "rotation": 270, "texture": "#missing"},
				"south": {"uv": [1.6, 0, 3.2, 13.6], "rotation": 270, "texture": "#missing"},
				"west": {"uv": [1.6, 0, 3.2, 2.1], "rotation": 270, "texture": "#missing"},
				"up": {"uv": [1.6, 0, 3.7, 13.6], "rotation": 270, "texture": "#missing"},
				"down": {"uv": [1.6, 0, 3.7, 13.6], "rotation": 270, "texture": "#missing"}
			}
		},
		{
			"from": [6.3, 5, 0.95],
			"to": [9.9, 8.6, 2.2],
			"rotation": {"angle": 0, "axis": "z", "origin": [16.3, 7.3, 0]},
			"color": 3,
			"faces": {
				"north": {"uv": [1.6, 0, 5.2, 3.6], "rotation": 90, "texture": "#missing"},
				"east": {"uv": [1.6, 0, 5.2, 1.25], "rotation": 270, "texture": "#missing"},
				"south": {"uv": [1.6, 0, 5.2, 3.6], "rotation": 270, "texture": "#missing"},
				"west": {"uv": [1.6, 0, 5.2, 1.25], "rotation": 270, "texture": "#missing"},
				"up": {"uv": [1.6, 0, 2.85, 3.6], "rotation": 270, "texture": "#missing"},
				"down": {"uv": [1.6, 0, 2.85, 3.6], "rotation": 270, "texture": "#missing"}
			}
		},
		{
			"from": [1.3, 6, 12.7],
			"to": [14.9, 7.6, 14.8],
			"rotation": {"angle": 0, "axis": "z", "origin": [16.3, 7.3, 0]},
			"color": 3,
			"faces": {
				"north": {"uv": [1.6, 0, 3.2, 13.6], "rotation": 90, "texture": "#missing"},
				"east": {"uv": [1.6, 0, 3.2, 2.1], "rotation": 270, "texture": "#missing"},
				"south": {"uv": [1.6, 0, 3.2, 13.6], "rotation": 270, "texture": "#missing"},
				"west": {"uv": [1.6, 0, 3.2, 2.1], "rotation": 270, "texture": "#missing"},
				"up": {"uv": [1.6, 0, 3.7, 13.6], "rotation": 270, "texture": "#missing"},
				"down": {"uv": [1.6, 0, 3.7, 13.6], "rotation": 270, "texture": "#missing"}
			}
		},
		{
			"from": [2.3, 5.75, 13],
			"to": [5.9, 7.85, 15.1],
			"rotation": {"angle": 0, "axis": "z", "origin": [16.3, 7.3, 0]},
			"color": 3,
			"faces": {
				"north": {"uv": [1.6, 0, 3.7, 3.6], "rotation": 90, "texture": "#missing"},
				"east": {"uv": [1.6, 0, 3.7, 2.1], "rotation": 270, "texture": "#missing"},
				"south": {"uv": [1.6, 0, 3.7, 3.6], "rotation": 270, "texture": "#missing"},
				"west": {"uv": [1.6, 0, 3.7, 2.1], "rotation": 270, "texture": "#missing"},
				"up": {"uv": [1.6, 0, 3.7, 3.6], "rotation": 270, "texture": "#missing"},
				"down": {"uv": [1.6, 0, 3.7, 3.6], "rotation": 270, "texture": "#missing"}
			}
		},
		{
			"from": [10.3, 5.75, 13],
			"to": [13.9, 7.85, 15.1],
			"rotation": {"angle": 0, "axis": "z", "origin": [16.3, 7.3, 0]},
			"color": 3,
			"faces": {
				"north": {"uv": [1.6, 0, 3.7, 3.6], "rotation": 90, "texture": "#missing"},
				"east": {"uv": [1.6, 0, 3.7, 2.1], "rotation": 270, "texture": "#missing"},
				"south": {"uv": [1.6, 0, 3.7, 3.6], "rotation": 270, "texture": "#missing"},
				"west": {"uv": [1.6, 0, 3.7, 2.1], "rotation": 270, "texture": "#missing"},
				"up": {"uv": [1.6, 0, 3.7, 3.6], "rotation": 270, "texture": "#missing"},
				"down": {"uv": [1.6, 0, 3.7, 3.6], "rotation": 270, "texture": "#missing"}
			}
		},
		{
			"from": [14.7, 6, 1.2],
			"to": [16.8, 7.6, 14.8],
			"rotation": {"angle": 0, "axis": "z", "origin": [16.3, 7.3, 0]},
			"color": 3,
			"faces": {
				"north": {"uv": [1.6, 0, 3.2, 2.1], "rotation": 90, "texture": "#missing"},
				"east": {"uv": [1.6, 0, 3.2, 13.6], "rotation": 270, "texture": "#missing"},
				"south": {"uv": [1.6, 0, 3.2, 2.1], "rotation": 270, "texture": "#missing"},
				"west": {"uv": [1.6, 0, 3.2, 13.6], "rotation": 270, "texture": "#missing"},
				"up": {"uv": [1.6, 0, 15.2, 2.1], "rotation": 270, "texture": "#missing"},
				"down": {"uv": [1.6, 0, 15.2, 2.1], "rotation": 270, "texture": "#missing"}
			}
		},
		{
			"from": [-0.8, 6, 1.2],
			"to": [1.3, 7.6, 14.8],
			"rotation": {"angle": 0, "axis": "z", "origin": [-0.3, 7.3, 0]},
			"color": 3,
			"faces": {
				"north": {"uv": [1.6, 1.6, 3.2, 3.7], "rotation": 90, "texture": "#missing"},
				"east": {"uv": [1.6, 2, 3.2, 15.6], "rotation": 270, "texture": "#missing"},
				"south": {"uv": [1.6, 1.6, 3.2, 3.7], "rotation": 270, "texture": "#missing"},
				"west": {"uv": [1.6, 2, 3.2, 15.6], "rotation": 270, "texture": "#missing"},
				"up": {"uv": [1.6, 1.6, 15.2, 3.7], "rotation": 270, "texture": "#missing"},
				"down": {"uv": [1.6, 1.6, 15.2, 3.7], "rotation": 270, "texture": "#missing"}
			}
		},
		{
			"from": [-0.3, 0, 3.3],
			"to": [1.3, 0.6, 12.7],
			"rotation": {"angle": 0, "axis": "z", "origin": [-0.3, 7.3, 0]},
			"color": 3,
			"faces": {
				"north": {"uv": [1.6, 1.6, 2.2, 3.2], "rotation": 90, "texture": "#missing"},
				"east": {"uv": [1.6, 6.6, 2.2, 16], "rotation": 270, "texture": "#missing"},
				"south": {"uv": [1.6, 1.6, 2.2, 3.2], "rotation": 270, "texture": "#missing"},
				"west": {"uv": [1.6, 6.6, 2.2, 16], "rotation": 270, "texture": "#missing"},
				"up": {"uv": [1.6, 1.6, 11, 3.2], "rotation": 270, "texture": "#missing"},
				"down": {"uv": [1.6, 1.6, 11, 3.2], "rotation": 270, "texture": "#missing"}
			}
		},
		{
			"from": [-0.3, 0, 12.7],
			"to": [16.3, 0.6, 14.3],
			"rotation": {"angle": 0, "axis": "z", "origin": [16.3, 7.3, 0]},
			"color": 3,
			"faces": {
				"north": {"uv": [1.6, 0, 2.2, 16], "rotation": 90, "texture": "#missing"},
				"east": {"uv": [1.6, 0, 2.2, 1.6], "rotation": 270, "texture": "#missing"},
				"south": {"uv": [1.6, 0, 2.2, 16], "rotation": 270, "texture": "#missing"},
				"west": {"uv": [1.6, 0, 2.2, 1.6], "rotation": 270, "texture": "#missing"},
				"up": {"uv": [1.6, 0, 3.2, 16], "rotation": 270, "texture": "#missing"},
				"down": {"uv": [1.6, 0, 3.2, 16], "rotation": 270, "texture": "#missing"}
			}
		},
		{
			"from": [14.7, 0, 3.3],
			"to": [16.3, 0.6, 12.7],
			"rotation": {"angle": 0, "axis": "z", "origin": [16.3, 7.3, 0]},
			"color": 3,
			"faces": {
				"north": {"uv": [1.6, 0, 2.2, 1.6], "rotation": 90, "texture": "#missing"},
				"east": {"uv": [1.6, 0, 2.2, 9.4], "rotation": 270, "texture": "#missing"},
				"south": {"uv": [1.6, 0, 2.2, 1.6], "rotation": 270, "texture": "#missing"},
				"west": {"uv": [1.6, 0, 2.2, 9.4], "rotation": 270, "texture": "#missing"},
				"up": {"uv": [1.6, 0, 11, 1.6], "rotation": 270, "texture": "#missing"},
				"down": {"uv": [1.6, 0, 11, 1.6], "rotation": 270, "texture": "#missing"}
			}
		},
		{
			"from": [-0.3, 0, 1.7],
			"to": [16.3, 0.6, 3.3],
			"rotation": {"angle": 0, "axis": "z", "origin": [16.3, 7.3, 0]},
			"color": 3,
			"faces": {
				"north": {"uv": [1.6, 0, 2.2, 16], "rotation": 90, "texture": "#missing"},
				"east": {"uv": [1.6, 0, 2.2, 1.6], "rotation": 270, "texture": "#missing"},
				"south": {"uv": [1.6, 0, 2.2, 16], "rotation": 270, "texture": "#missing"},
				"west": {"uv": [1.6, 0, 2.2, 1.6], "rotation": 270, "texture": "#missing"},
				"up": {"uv": [1.6, 0, 3.2, 16], "rotation": 270, "texture": "#missing"},
				"down": {"uv": [1.6, 0, 3.2, 16], "rotation": 270, "texture": "#missing"}
			}
		},
		{
			"from": [-0.9166, -0.81528, 6.475],
			"to": [-0.3066, 1.62472, 7.085],
			"rotation": {"angle": -22.5, "axis": "z", "origin": [6.5134, 0.87472, 6.475]},
			"color": 1,
			"faces": {
				"north": {"uv": [0, 0, 4, 1], "rotation": 90, "texture": "#missing"},
				"east": {"uv": [0, 0, 4, 1], "rotation": 270, "texture": "#missing"},
				"south": {"uv": [0, 0, 4, 1], "rotation": 270, "texture": "#missing"},
				"west": {"uv": [0, 0, 4, 1], "rotation": 270, "texture": "#missing"},
				"up": {"uv": [0, 0, 1, 1], "rotation": 270, "texture": "#missing"},
				"down": {"uv": [0, 0, 1, 1], "rotation": 270, "texture": "#missing"}
			}
		},
		{
			"from": [-0.9166, -0.81528, 8.915],
			"to": [-0.3066, 1.62472, 9.525],
			"rotation": {"angle": -22.5, "axis": "z", "origin": [6.5134, 0.87472, 6.475]},
			"color": 1,
			"faces": {
				"north": {"uv": [0, 0, 4, 1], "rotation": 90, "texture": "#missing"},
				"east": {"uv": [0, 0, 4, 1], "rotation": 270, "texture": "#missing"},
				"south": {"uv": [0, 0, 4, 1], "rotation": 270, "texture": "#missing"},
				"west": {"uv": [0, 0, 4, 1], "rotation": 270, "texture": "#missing"},
				"up": {"uv": [0, 0, 1, 1], "rotation": 270, "texture": "#missing"},
				"down": {"uv": [0, 0, 1, 1], "rotation": 270, "texture": "#missing"}
			}
		},
		{
			"from": [-0.9166, -0.81528, 7.085],
			"to": [-0.3066, -0.20528, 8.915],
			"rotation": {"angle": -22.5, "axis": "z", "origin": [6.5134, 0.87472, 6.475]},
			"color": 1,
			"faces": {
				"north": {"uv": [0, 0, 1, 1], "rotation": 90, "texture": "#missing"},
				"east": {"uv": [0, 0, 1, 3], "rotation": 270, "texture": "#missing"},
				"south": {"uv": [0, 0, 1, 1], "rotation": 270, "texture": "#missing"},
				"west": {"uv": [0, 0, 1, 3], "rotation": 270, "texture": "#missing"},
				"up": {"uv": [0, 0, 3, 1], "rotation": 270, "texture": "#missing"},
				"down": {"uv": [0, 0, 3, 1], "rotation": 270, "texture": "#missing"}
			}
		},
		{
			"from": [16.3066, -0.81528, 6.475],
			"to": [16.9166, 1.62472, 7.085],
			"rotation": {"angle": 22.5, "axis": "z", "origin": [9.4866, 0.87472, 6.475]},
			"color": 1,
			"faces": {
				"north": {"uv": [0, 1, 4, 0], "rotation": 90, "texture": "#missing"},
				"east": {"uv": [0, 1, 4, 0], "rotation": 270, "texture": "#missing"},
				"south": {"uv": [0, 1, 4, 0], "rotation": 270, "texture": "#missing"},
				"west": {"uv": [0, 1, 4, 0], "rotation": 270, "texture": "#missing"},
				"up": {"uv": [0, 1, 1, 0], "rotation": 270, "texture": "#missing"},
				"down": {"uv": [0, 1, 1, 0], "rotation": 270, "texture": "#missing"}
			}
		},
		{
			"from": [16.3066, -0.81528, 7.085],
			"to": [16.9166, -0.20528, 8.915],
			"rotation": {"angle": 22.5, "axis": "z", "origin": [9.4866, 0.87472, 6.475]},
			"color": 1,
			"faces": {
				"north": {"uv": [0, 1, 1, 0], "rotation": 90, "texture": "#missing"},
				"east": {"uv": [0, 3, 1, 0], "rotation": 270, "texture": "#missing"},
				"south": {"uv": [0, 1, 1, 0], "rotation": 270, "texture": "#missing"},
				"west": {"uv": [0, 3, 1, 0], "rotation": 270, "texture": "#missing"},
				"up": {"uv": [0, 1, 3, 0], "rotation": 270, "texture": "#missing"},
				"down": {"uv": [0, 1, 3, 0], "rotation": 270, "texture": "#missing"}
			}
		},
		{
			"from": [16.3066, -0.81528, 8.915],
			"to": [16.9166, 1.62472, 9.525],
			"rotation": {"angle": 22.5, "axis": "z", "origin": [9.4866, 0.87472, 6.475]},
			"color": 1,
			"faces": {
				"north": {"uv": [0, 1, 4, 0], "rotation": 90, "texture": "#missing"},
				"east": {"uv": [0, 1, 4, 0], "rotation": 270, "texture": "#missing"},
				"south": {"uv": [0, 1, 4, 0], "rotation": 270, "texture": "#missing"},
				"west": {"uv": [0, 1, 4, 0], "rotation": 270, "texture": "#missing"},
				"up": {"uv": [0, 1, 1, 0], "rotation": 270, "texture": "#missing"},
				"down": {"uv": [0, 1, 1, 0], "rotation": 270, "texture": "#missing"}
			}
		}
	],
	"gui_light": "front",
	"display": {
		"thirdperson_righthand": {
			"rotation": [75, 45, 0],
			"translation": [0, 2.5, 0],
			"scale": [0.375, 0.375, 0.375]
		},
		"thirdperson_lefthand": {
			"rotation": [75, 45, 0],
			"translation": [0, 2.5, 0],
			"scale": [0.375, 0.375, 0.375]
		},
		"firstperson_righthand": {
			"rotation": [0, 111, 0],
			"translation": [0, 2.75, 0],
			"scale": [0.4, 0.4, 0.4]
		},
		"firstperson_lefthand": {
			"rotation": [0, 111, 0],
			"translation": [0, 2.75, 0],
			"scale": [0.4, 0.4, 0.4]
		},
		"ground": {
			"translation": [0, 0.25, 0],
			"scale": [0.32, 0.32, 0.32]
		},
		"gui": {
			"rotation": [30, 225, 0],
			"scale": [0.625, 0.625, 0.625]
		},
		"head": {
			"translation": [0, 2.5, 0],
			"scale": [1.21, 1.21, 1.21]
		},
		"fixed": {
			"rotation": [-90, 0, 0],
			"translation": [0, 0, -18.75],
			"scale": [2.55, 2.55, 2.55]
		}
	}
}