{
	"credit": "Made by Aiden (feignedmars4438 on discord)",
	"textures": {
		"0": "item/crates/season1/daily_frame",
		"1": "item/vanilla_textures/vanilla_block_textures/anvil",
		"2": "item/crates/season1/texture",
		"particle": "item/crates/season1/daily_frame"
	},
	"elements": [
		{
			"from": [0, 0.1, 2],
			"to": [16, 7.4, 14],
			"faces": {
				"north": {"uv": [0, 0, 16, 9.73333], "texture": "#1"},
				"east": {"uv": [0, 0, 12, 9.73333], "texture": "#1"},
				"south": {"uv": [0, 0, 16, 9.73333], "texture": "#1"},
				"west": {"uv": [0, 0, 12, 9.73333], "texture": "#1"},
				"up": {"uv": [0, 0, 16, 16], "texture": "#1"},
				"down": {"uv": [0, 0, 16, 16], "texture": "#1"}
			}
		},
		{
			"from": [13.11758, 9.23386, 3.025],
			"to": [16.91758, 9.23386, 13.025],
			"rotation": {"angle": -45, "axis": "z", "origin": [21.11758, 8.68386, 2]},
			"faces": {
				"north": {"uv": [0, 5.06667, 0, 10.13333], "rotation": 270, "texture": "#1"},
				"east": {"uv": [0, 2.06667, 0, 15.4], "rotation": 90, "texture": "#1"},
				"south": {"uv": [0, 5.06667, 0, 10.13333], "rotation": 90, "texture": "#1"},
				"west": {"uv": [0, 2.06667, 0, 15.4], "rotation": 90, "texture": "#1"},
				"up": {"uv": [0, 5.06667, 10, 10.13333], "rotation": 90, "texture": "#1"},
				"down": {"uv": [0, 5.06667, 10, 10.13333], "rotation": 90, "texture": "#1"}
			}
		},
		{
			"from": [11.52016, 13.16493, 3.025],
			"to": [15.32016, 13.16493, 13.025],
			"rotation": {"angle": -22.5, "axis": "z", "origin": [19.52016, 12.61493, 2]},
			"faces": {
				"north": {"uv": [0, 5.06667, 0, 10.13333], "rotation": 270, "texture": "#1"},
				"east": {"uv": [0, 2.06667, 0, 15.4], "rotation": 90, "texture": "#1"},
				"south": {"uv": [0, 5.06667, 0, 10.13333], "rotation": 90, "texture": "#1"},
				"west": {"uv": [0, 2.06667, 0, 15.4], "rotation": 90, "texture": "#1"},
				"up": {"uv": [0, 5.06667, 10, 10.13333], "rotation": 90, "texture": "#1"},
				"down": {"uv": [0, 5.06667, 10, 10.13333], "rotation": 90, "texture": "#1"}
			}
		},
		{
			"from": [-0.91758, 9.23386, 3.025],
			"to": [2.88242, 9.23386, 13.025],
			"rotation": {"angle": 45, "axis": "z", "origin": [-5.11758, 8.68386, 2]},
			"faces": {
				"north": {"uv": [0, 10.13333, 0, 5.06667], "rotation": 270, "texture": "#1"},
				"east": {"uv": [0, 15.4, 0, 2.06667], "rotation": 90, "texture": "#1"},
				"south": {"uv": [0, 10.13333, 0, 5.06667], "rotation": 90, "texture": "#1"},
				"west": {"uv": [0, 15.4, 0, 2.06667], "rotation": 90, "texture": "#1"},
				"up": {"uv": [0, 10.13333, 10, 5.06667], "rotation": 90, "texture": "#1"},
				"down": {"uv": [0, 10.13333, 10, 5.06667], "rotation": 90, "texture": "#1"}
			}
		},
		{
			"from": [0.67984, 13.16493, 3.025],
			"to": [4.47984, 13.16493, 13.025],
			"rotation": {"angle": 22.5, "axis": "z", "origin": [-3.52016, 12.61493, 2]},
			"faces": {
				"north": {"uv": [0, 10.13333, 0, 5.06667], "rotation": 270, "texture": "#1"},
				"east": {"uv": [0, 15.4, 0, 2.06667], "rotation": 90, "texture": "#1"},
				"south": {"uv": [0, 10.13333, 0, 5.06667], "rotation": 90, "texture": "#1"},
				"west": {"uv": [0, 15.4, 0, 2.06667], "rotation": 90, "texture": "#1"},
				"up": {"uv": [0, 10.13333, 10, 5.06667], "rotation": 90, "texture": "#1"},
				"down": {"uv": [0, 10.13333, 10, 5.06667], "rotation": 90, "texture": "#1"}
			}
		},
		{
			"from": [4.98433, 16.1606, 3.05],
			"to": [11.03433, 16.1606, 13],
			"rotation": {"angle": 0, "axis": "z", "origin": [-0.71567, 15.5606, 14.025]},
			"faces": {
				"north": {"uv": [0, 0, 0, 8.06667], "rotation": 270, "texture": "#1"},
				"east": {"uv": [0, 0, 0, 13.26667], "rotation": 90, "texture": "#1"},
				"south": {"uv": [0, 0, 0, 8.06667], "rotation": 90, "texture": "#1"},
				"west": {"uv": [0, 0, 0, 13.26667], "rotation": 90, "texture": "#1"},
				"up": {"uv": [0, 0, 9.95, 8.06667], "rotation": 90, "texture": "#1"},
				"down": {"uv": [0, 0, 9.95, 8.06667], "rotation": 90, "texture": "#1"}
			}
		},
		{
			"from": [5.01567, 7.4606, 1.75],
			"to": [10.91567, 14.7606, 1.75],
			"rotation": {"angle": 0, "axis": "z", "origin": [15.71567, 10.7606, 2.1]},
			"faces": {
				"north": {"uv": [1.6, 0, 7.5, 9.73333], "texture": "#1"},
				"east": {"uv": [1.6, 0, 1.6, 9.73333], "texture": "#1"},
				"south": {"uv": [1.6, 0, 7.5, 9.73333], "texture": "#1"},
				"west": {"uv": [1.6, 0, 1.6, 9.73333], "texture": "#1"},
				"up": {"uv": [1.6, 4.26667, 7.5, 4.26667], "texture": "#1"},
				"down": {"uv": [1.6, 4.26667, 7.5, 4.26667], "texture": "#1"}
			}
		},
		{
			"from": [12.51567, 7.4606, 1.75],
			"to": [15.41567, 14.7606, 1.75],
			"rotation": {"angle": 0, "axis": "z", "origin": [15.71567, 10.7606, 2.1]},
			"faces": {
				"north": {"uv": [1.6, 0, 4.5, 9.73333], "texture": "#1"},
				"east": {"uv": [1.6, 0, 1.6, 9.73333], "texture": "#1"},
				"south": {"uv": [1.6, 0, 4.5, 9.73333], "texture": "#1"},
				"west": {"uv": [1.6, 0, 1.6, 9.73333], "texture": "#1"},
				"up": {"uv": [1.6, 4.26667, 4.5, 4.26667], "texture": "#1"},
				"down": {"uv": [1.6, 4.26667, 4.5, 4.26667], "texture": "#1"}
			}
		},
		{
			"from": [15.41567, 8.4606, 1.75],
			"to": [17.11567, 13.7606, 1.75],
			"rotation": {"angle": 0, "axis": "z", "origin": [15.71567, 10.7606, 2.1]},
			"faces": {
				"north": {"uv": [1.6, 0, 3.3, 7.06667], "texture": "#1"},
				"east": {"uv": [1.6, 0, 1.6, 7.06667], "texture": "#1"},
				"south": {"uv": [1.6, 0, 3.3, 7.06667], "texture": "#1"},
				"west": {"uv": [1.6, 0, 1.6, 7.06667], "texture": "#1"},
				"up": {"uv": [1.6, 4.26667, 3.3, 4.26667], "texture": "#1"},
				"down": {"uv": [1.6, 4.26667, 3.3, 4.26667], "texture": "#1"}
			}
		},
		{
			"from": [12.51567, 7.4606, 14.25],
			"to": [15.41567, 14.7606, 14.25],
			"rotation": {"angle": 0, "axis": "z", "origin": [15.71567, 10.7606, 13.9]},
			"faces": {
				"north": {"uv": [4.5, 0, 1.6, 9.73333], "texture": "#1"},
				"east": {"uv": [1.6, 0, 1.6, 9.73333], "texture": "#1"},
				"south": {"uv": [4.5, 0, 1.6, 9.73333], "texture": "#1"},
				"west": {"uv": [1.6, 0, 1.6, 9.73333], "texture": "#1"},
				"up": {"uv": [1.6, 4.26667, 4.5, 4.26667], "texture": "#1"},
				"down": {"uv": [1.6, 4.26667, 4.5, 4.26667], "texture": "#1"}
			}
		},
		{
			"from": [15.41567, 8.4606, 14.25],
			"to": [17.11567, 13.7606, 14.25],
			"rotation": {"angle": 0, "axis": "z", "origin": [15.71567, 10.7606, 13.9]},
			"faces": {
				"north": {"uv": [3.3, 0, 1.6, 7.06667], "texture": "#1"},
				"east": {"uv": [1.6, 0, 1.6, 7.06667], "texture": "#1"},
				"south": {"uv": [3.3, 0, 1.6, 7.06667], "texture": "#1"},
				"west": {"uv": [1.6, 0, 1.6, 7.06667], "texture": "#1"},
				"up": {"uv": [1.6, 4.26667, 3.3, 4.26667], "texture": "#1"},
				"down": {"uv": [1.6, 4.26667, 3.3, 4.26667], "texture": "#1"}
			}
		},
		{
			"from": [0.58433, 7.4606, 14.25],
			"to": [3.48433, 14.7606, 14.25],
			"rotation": {"angle": 0, "axis": "z", "origin": [0.28433, 10.7606, 13.9]},
			"faces": {
				"north": {"uv": [1.6, 0, 4.5, 9.73333], "texture": "#1"},
				"east": {"uv": [1.6, 0, 1.6, 9.73333], "texture": "#1"},
				"south": {"uv": [1.6, 0, 4.5, 9.73333], "texture": "#1"},
				"west": {"uv": [1.6, 0, 1.6, 9.73333], "texture": "#1"},
				"up": {"uv": [4.5, 4.26667, 1.6, 4.26667], "texture": "#1"},
				"down": {"uv": [4.5, 4.26667, 1.6, 4.26667], "texture": "#1"}
			}
		},
		{
			"from": [-1.11567, 8.4606, 14.25],
			"to": [0.58433, 13.7606, 14.25],
			"rotation": {"angle": 0, "axis": "z", "origin": [0.28433, 10.7606, 13.9]},
			"faces": {
				"north": {"uv": [1.6, 0, 3.3, 7.06667], "texture": "#1"},
				"east": {"uv": [1.6, 0, 1.6, 7.06667], "texture": "#1"},
				"south": {"uv": [1.6, 0, 3.3, 7.06667], "texture": "#1"},
				"west": {"uv": [1.6, 0, 1.6, 7.06667], "texture": "#1"},
				"up": {"uv": [3.3, 4.26667, 1.6, 4.26667], "texture": "#1"},
				"down": {"uv": [3.3, 4.26667, 1.6, 4.26667], "texture": "#1"}
			}
		},
		{
			"from": [0.58433, 7.4606, 1.75],
			"to": [3.48433, 14.7606, 1.75],
			"rotation": {"angle": 0, "axis": "z", "origin": [0.28433, 10.7606, 2.1]},
			"faces": {
				"north": {"uv": [4.5, 0, 1.6, 9.73333], "texture": "#1"},
				"east": {"uv": [1.6, 0, 1.6, 9.73333], "texture": "#1"},
				"south": {"uv": [4.5, 0, 1.6, 9.73333], "texture": "#1"},
				"west": {"uv": [1.6, 0, 1.6, 9.73333], "texture": "#1"},
				"up": {"uv": [4.5, 4.26667, 1.6, 4.26667], "texture": "#1"},
				"down": {"uv": [4.5, 4.26667, 1.6, 4.26667], "texture": "#1"}
			}
		},
		{
			"from": [-1.11567, 8.4606, 1.75],
			"to": [0.58433, 13.7606, 1.75],
			"rotation": {"angle": 0, "axis": "z", "origin": [0.28433, 10.7606, 2.1]},
			"faces": {
				"north": {"uv": [3.3, 0, 1.6, 7.06667], "texture": "#1"},
				"east": {"uv": [1.6, 0, 1.6, 7.06667], "texture": "#1"},
				"south": {"uv": [3.3, 0, 1.6, 7.06667], "texture": "#1"},
				"west": {"uv": [1.6, 0, 1.6, 7.06667], "texture": "#1"},
				"up": {"uv": [3.3, 4.26667, 1.6, 4.26667], "texture": "#1"},
				"down": {"uv": [3.3, 4.26667, 1.6, 4.26667], "texture": "#1"}
			}
		},
		{
			"from": [5.01567, 7.4606, 14.25],
			"to": [10.91567, 14.7606, 14.25],
			"rotation": {"angle": 0, "axis": "z", "origin": [15.71567, 10.7606, 13.9]},
			"faces": {
				"north": {"uv": [7.5, 0, 1.6, 9.73333], "texture": "#1"},
				"east": {"uv": [1.6, 0, 1.6, 9.73333], "texture": "#1"},
				"south": {"uv": [7.5, 0, 1.6, 9.73333], "texture": "#1"},
				"west": {"uv": [1.6, 0, 1.6, 9.73333], "texture": "#1"},
				"up": {"uv": [1.6, 4.26667, 7.5, 4.26667], "texture": "#1"},
				"down": {"uv": [1.6, 4.26667, 7.5, 4.26667], "texture": "#1"}
			}
		},
		{
			"from": [-1.04358, 7.03003, 3.05],
			"to": [-1.04358, 12.83003, 12.95],
			"rotation": {"angle": 22.5, "axis": "z", "origin": [-0.44358, 8.83003, 14]},
			"faces": {
				"north": {"uv": [1.6, 0, 1.6, 7.73333], "texture": "#1"},
				"east": {"uv": [1.6, 0, 11.5, 7.73333], "texture": "#1"},
				"south": {"uv": [1.6, 0, 1.6, 7.73333], "texture": "#1"},
				"west": {"uv": [1.6, 0, 11.5, 7.73333], "texture": "#1"},
				"up": {"uv": [0, 2.13333, 0, 15.33333], "texture": "#1"},
				"down": {"uv": [0, 2.13333, 0, 15.33333], "texture": "#1"}
			}
		},
		{
			"from": [17.04358, 7.03003, 3.05],
			"to": [17.04358, 12.83003, 12.95],
			"rotation": {"angle": -22.5, "axis": "z", "origin": [16.44358, 8.83003, 14]},
			"faces": {
				"north": {"uv": [1.6, 0, 1.6, 7.73333], "texture": "#1"},
				"east": {"uv": [11.5, 0, 1.6, 7.73333], "texture": "#1"},
				"south": {"uv": [1.6, 0, 1.6, 7.73333], "texture": "#1"},
				"west": {"uv": [11.5, 0, 1.6, 7.73333], "texture": "#1"},
				"up": {"uv": [0, 2.13333, 0, 15.33333], "texture": "#1"},
				"down": {"uv": [0, 2.13333, 0, 15.33333], "texture": "#1"}
			}
		},
		{
			"from": [-0.3, 0.6, 1.7],
			"to": [1.3, 6, 3.3],
			"faces": {
				"north": {"uv": [1, 2, 2.38947, 6.875], "texture": "#0"},
				"east": {"uv": [1, 2, 2.38947, 6.875], "texture": "#0"},
				"south": {"uv": [1, 2, 2.38947, 6.875], "texture": "#0"},
				"west": {"uv": [1, 2, 2.38947, 6.875], "texture": "#0"},
				"up": {"uv": [1, 2, 2.38947, 3.3], "texture": "#0"},
				"down": {"uv": [1, 2, 2.38947, 3.3], "texture": "#0"}
			}
		},
		{
			"from": [14.7, 0.6, 1.7],
			"to": [16.3, 6, 3.3],
			"rotation": {"angle": 0, "axis": "y", "origin": [16, 0, 0]},
			"faces": {
				"north": {"uv": [2.38947, 2, 1, 6.875], "texture": "#0"},
				"east": {"uv": [2.38947, 2, 1, 6.875], "texture": "#0"},
				"south": {"uv": [2.38947, 2, 1, 6.875], "texture": "#0"},
				"west": {"uv": [2.38947, 2, 1, 6.875], "texture": "#0"},
				"up": {"uv": [2.38947, 2, 1, 3.3], "texture": "#0"},
				"down": {"uv": [2.38947, 2, 1, 3.3], "texture": "#0"}
			}
		},
		{
			"from": [14.7, 0.6, 12.7],
			"to": [16.3, 6, 14.3],
			"rotation": {"angle": 0, "axis": "y", "origin": [16, 0, 0]},
			"faces": {
				"north": {"uv": [2.38947, 2, 1, 6.875], "texture": "#0"},
				"east": {"uv": [2.38947, 2, 1, 6.875], "texture": "#0"},
				"south": {"uv": [2.38947, 2, 1, 6.875], "texture": "#0"},
				"west": {"uv": [2.38947, 2, 1, 6.875], "texture": "#0"},
				"up": {"uv": [2.38947, 2, 1, 3.3], "texture": "#0"},
				"down": {"uv": [2.38947, 2, 1, 3.3], "texture": "#0"}
			}
		},
		{
			"from": [-0.3, 0.6, 12.7],
			"to": [1.3, 6, 14.3],
			"faces": {
				"north": {"uv": [1, 2, 2.38947, 6.875], "texture": "#0"},
				"east": {"uv": [1, 2, 2.38947, 6.875], "texture": "#0"},
				"south": {"uv": [1, 2, 2.38947, 6.875], "texture": "#0"},
				"west": {"uv": [1, 2, 2.38947, 6.875], "texture": "#0"},
				"up": {"uv": [1, 2, 2.38947, 3.3], "texture": "#0"},
				"down": {"uv": [1, 2, 2.38947, 3.3], "texture": "#0"}
			}
		},
		{
			"from": [-0.3, 0, 3.3],
			"to": [1.3, 0.6, 12.7],
			"rotation": {"angle": 0, "axis": "z", "origin": [-0.3, 7.3, 0]},
			"faces": {
				"north": {"uv": [2.38947, 3.3, 2.91053, 4.6], "rotation": 90, "texture": "#0"},
				"east": {"uv": [2.38947, 7.3625, 2.91053, 15], "rotation": 270, "texture": "#0"},
				"south": {"uv": [2.38947, 3.3, 2.91053, 4.6], "rotation": 270, "texture": "#0"},
				"west": {"uv": [2.38947, 7.3625, 2.91053, 15], "rotation": 270, "texture": "#0"},
				"up": {"uv": [2.38947, 3.3, 10.55263, 4.6], "rotation": 270, "texture": "#0"},
				"down": {"uv": [2.38947, 3.3, 10.55263, 4.6], "rotation": 270, "texture": "#0"}
			}
		},
		{
			"from": [-0.3, 0, 12.7],
			"to": [16.3, 0.6, 14.3],
			"rotation": {"angle": 0, "axis": "z", "origin": [16.3, 7.3, 0]},
			"faces": {
				"north": {"uv": [2.38947, 2, 2.91053, 15], "rotation": 90, "texture": "#0"},
				"east": {"uv": [2.38947, 2, 2.91053, 3.3], "rotation": 270, "texture": "#0"},
				"south": {"uv": [2.38947, 2, 2.91053, 15], "rotation": 270, "texture": "#0"},
				"west": {"uv": [2.38947, 2, 2.91053, 3.3], "rotation": 270, "texture": "#0"},
				"up": {"uv": [2.38947, 2, 3.77895, 15], "rotation": 270, "texture": "#0"},
				"down": {"uv": [2.38947, 2, 3.77895, 15], "rotation": 270, "texture": "#0"}
			}
		},
		{
			"from": [14.7, 0, 3.3],
			"to": [16.3, 0.6, 12.7],
			"rotation": {"angle": 0, "axis": "z", "origin": [16.3, 7.3, 0]},
			"faces": {
				"north": {"uv": [2.38947, 2, 2.91053, 3.3], "rotation": 90, "texture": "#0"},
				"east": {"uv": [2.38947, 2, 2.91053, 9.6375], "rotation": 270, "texture": "#0"},
				"south": {"uv": [2.38947, 2, 2.91053, 3.3], "rotation": 270, "texture": "#0"},
				"west": {"uv": [2.38947, 2, 2.91053, 9.6375], "rotation": 270, "texture": "#0"},
				"up": {"uv": [2.38947, 2, 10.55263, 3.3], "rotation": 270, "texture": "#0"},
				"down": {"uv": [2.38947, 2, 10.55263, 3.3], "rotation": 270, "texture": "#0"}
			}
		},
		{
			"from": [-0.3, 0, 1.7],
			"to": [16.3, 0.6, 3.3],
			"rotation": {"angle": 0, "axis": "z", "origin": [16.3, 7.3, 0]},
			"faces": {
				"north": {"uv": [2.38947, 2, 2.91053, 15], "rotation": 90, "texture": "#0"},
				"east": {"uv": [2.38947, 2, 2.91053, 3.3], "rotation": 270, "texture": "#0"},
				"south": {"uv": [2.38947, 2, 2.91053, 15], "rotation": 270, "texture": "#0"},
				"west": {"uv": [2.38947, 2, 2.91053, 3.3], "rotation": 270, "texture": "#0"},
				"up": {"uv": [2.38947, 2, 3.77895, 15], "rotation": 270, "texture": "#0"},
				"down": {"uv": [2.38947, 2, 3.77895, 15], "rotation": 270, "texture": "#0"}
			}
		},
		{
			"from": [1.3, 6, 1.2],
			"to": [14.7, 7.6, 3.3],
			"rotation": {"angle": 0, "axis": "z", "origin": [16.3, 7.3, 0]},
			"faces": {
				"north": {"uv": [2.38947, 2, 3.77895, 13.05], "rotation": 90, "texture": "#0"},
				"east": {"uv": [2.38947, 2, 3.77895, 3.70625], "rotation": 270, "texture": "#0"},
				"south": {"uv": [2.38947, 2, 3.77895, 13.05], "rotation": 270, "texture": "#0"},
				"west": {"uv": [2.38947, 2, 3.77895, 3.70625], "rotation": 270, "texture": "#0"},
				"up": {"uv": [2.38947, 2, 4.21316, 13.05], "rotation": 270, "texture": "#0"},
				"down": {"uv": [2.38947, 2, 4.21316, 13.05], "rotation": 270, "texture": "#0"}
			}
		},
		{
			"from": [14.7, 6, 1.2],
			"to": [16.8, 7.6, 14.8],
			"rotation": {"angle": 0, "axis": "z", "origin": [16.3, 7.3, 0]},
			"faces": {
				"north": {"uv": [2.38947, 2, 3.77895, 3.70625], "rotation": 90, "texture": "#0"},
				"east": {"uv": [2.38947, 2, 3.77895, 13.05], "rotation": 270, "texture": "#0"},
				"south": {"uv": [2.38947, 2, 3.77895, 3.70625], "rotation": 270, "texture": "#0"},
				"west": {"uv": [2.38947, 2, 3.77895, 13.05], "rotation": 270, "texture": "#0"},
				"up": {"uv": [2.38947, 2, 14.2, 3.70625], "rotation": 270, "texture": "#0"},
				"down": {"uv": [2.38947, 2, 14.2, 3.70625], "rotation": 270, "texture": "#0"}
			}
		},
		{
			"from": [15.64358, 7.03003, 1.45],
			"to": [17.24358, 12.83003, 3.05],
			"rotation": {"angle": -22.5, "axis": "z", "origin": [16.44358, 8.83003, 2]},
			"faces": {
				"north": {"uv": [2.38947, 2, 1, 6.7125], "texture": "#0"},
				"east": {"uv": [2.38947, 2, 1, 6.7125], "texture": "#0"},
				"south": {"uv": [2.38947, 2, 1, 6.7125], "texture": "#0"},
				"west": {"uv": [2.38947, 2, 1, 6.7125], "texture": "#0"},
				"up": {"uv": [2.38947, 2, 1, 3.3], "texture": "#0"},
				"down": {"uv": [2.38947, 2, 1, 3.3], "texture": "#0"}
			}
		},
		{
			"from": [13.11758, 7.88386, 1.475],
			"to": [16.91758, 9.48386, 3.025],
			"rotation": {"angle": -45, "axis": "z", "origin": [21.11758, 8.68386, 2]},
			"faces": {
				"north": {"uv": [1, 5.0875, 2.38947, 2], "rotation": 270, "texture": "#0"},
				"east": {"uv": [1, 3.25938, 2.38947, 2], "rotation": 90, "texture": "#0"},
				"south": {"uv": [1, 5.0875, 2.38947, 2], "rotation": 90, "texture": "#0"},
				"west": {"uv": [1, 3.25938, 2.38947, 2], "rotation": 90, "texture": "#0"},
				"up": {"uv": [1, 5.0875, 2.34605, 2], "rotation": 90, "texture": "#0"},
				"down": {"uv": [1, 5.0875, 2.34605, 2], "rotation": 90, "texture": "#0"}
			}
		},
		{
			"from": [11.60056, 11.76003, 1.5],
			"to": [15.40056, 13.36003, 3],
			"rotation": {"angle": -22.5, "axis": "z", "origin": [19.60056, 12.56003, 2]},
			"faces": {
				"north": {"uv": [1, 5.0875, 2.38947, 2], "rotation": 270, "texture": "#0"},
				"east": {"uv": [1, 3.21875, 2.38947, 2], "rotation": 90, "texture": "#0"},
				"south": {"uv": [1, 5.0875, 2.38947, 2], "rotation": 90, "texture": "#0"},
				"west": {"uv": [1, 3.21875, 2.38947, 2], "rotation": 90, "texture": "#0"},
				"up": {"uv": [1, 5.0875, 2.30263, 2], "rotation": 90, "texture": "#0"},
				"down": {"uv": [1, 5.0875, 2.30263, 2], "rotation": 90, "texture": "#0"}
			}
		},
		{
			"from": [3.48433, 14.7606, 1.55],
			"to": [12.53433, 16.3606, 3],
			"rotation": {"angle": 0, "axis": "z", "origin": [-0.71567, 15.5606, 14.025]},
			"faces": {
				"north": {"uv": [1, 2, 2.38947, 9.35313], "rotation": 270, "texture": "#0"},
				"east": {"uv": [1, 2, 2.38947, 3.17812], "rotation": 90, "texture": "#0"},
				"south": {"uv": [1, 2, 2.38947, 9.35313], "rotation": 90, "texture": "#0"},
				"west": {"uv": [1, 2, 2.38947, 3.17812], "rotation": 90, "texture": "#0"},
				"up": {"uv": [1, 2, 2.25921, 9.35313], "rotation": 90, "texture": "#0"},
				"down": {"uv": [1, 2, 2.25921, 9.35313], "rotation": 90, "texture": "#0"}
			}
		},
		{
			"from": [10.91567, 7.4606, 1.55],
			"to": [12.51567, 14.7606, 3.15],
			"rotation": {"angle": 0, "axis": "z", "origin": [15.71567, 10.7606, 2.1]},
			"faces": {
				"north": {"uv": [2.38947, 2, 3.77895, 7.93125], "texture": "#0"},
				"east": {"uv": [2.38947, 2, 3.77895, 7.93125], "texture": "#0"},
				"south": {"uv": [2.38947, 2, 3.77895, 7.93125], "texture": "#0"},
				"west": {"uv": [2.38947, 2, 3.77895, 7.93125], "texture": "#0"},
				"up": {"uv": [2.38947, 4.6, 1, 3.3], "texture": "#0"},
				"down": {"uv": [2.38947, 4.6, 1, 3.3], "texture": "#0"}
			}
		},
		{
			"from": [3.48433, 7.4606, 1.55],
			"to": [5.08433, 14.7606, 3.15],
			"rotation": {"angle": 0, "axis": "z", "origin": [0.28433, 10.7606, 2.1]},
			"faces": {
				"north": {"uv": [3.77895, 2, 2.38947, 7.93125], "texture": "#0"},
				"east": {"uv": [3.77895, 2, 2.38947, 7.93125], "texture": "#0"},
				"south": {"uv": [3.77895, 2, 2.38947, 7.93125], "texture": "#0"},
				"west": {"uv": [3.77895, 2, 2.38947, 7.93125], "texture": "#0"},
				"up": {"uv": [1, 4.6, 2.38947, 3.3], "texture": "#0"},
				"down": {"uv": [1, 4.6, 2.38947, 3.3], "texture": "#0"}
			}
		},
		{
			"from": [0.59944, 11.76003, 1.5],
			"to": [4.39944, 13.36003, 3],
			"rotation": {"angle": 22.5, "axis": "z", "origin": [-3.60056, 12.56003, 2]},
			"faces": {
				"north": {"uv": [1, 2, 2.38947, 5.0875], "rotation": 270, "texture": "#0"},
				"east": {"uv": [1, 2, 2.38947, 3.21875], "rotation": 90, "texture": "#0"},
				"south": {"uv": [1, 2, 2.38947, 5.0875], "rotation": 90, "texture": "#0"},
				"west": {"uv": [1, 2, 2.38947, 3.21875], "rotation": 90, "texture": "#0"},
				"up": {"uv": [1, 2, 2.30263, 5.0875], "rotation": 90, "texture": "#0"},
				"down": {"uv": [1, 2, 2.30263, 5.0875], "rotation": 90, "texture": "#0"}
			}
		},
		{
			"from": [-0.91758, 7.88386, 1.475],
			"to": [2.88242, 9.48386, 3.025],
			"rotation": {"angle": 45, "axis": "z", "origin": [-5.11758, 8.68386, 2]},
			"faces": {
				"north": {"uv": [1, 2, 2.38947, 5.0875], "rotation": 270, "texture": "#0"},
				"east": {"uv": [1, 2, 2.38947, 3.25938], "rotation": 90, "texture": "#0"},
				"south": {"uv": [1, 2, 2.38947, 5.0875], "rotation": 90, "texture": "#0"},
				"west": {"uv": [1, 2, 2.38947, 3.25938], "rotation": 90, "texture": "#0"},
				"up": {"uv": [1, 2, 2.34605, 5.0875], "rotation": 90, "texture": "#0"},
				"down": {"uv": [1, 2, 2.34605, 5.0875], "rotation": 90, "texture": "#0"}
			}
		},
		{
			"from": [-1.24358, 7.03003, 1.45],
			"to": [0.35642, 12.83003, 3.05],
			"rotation": {"angle": 22.5, "axis": "z", "origin": [-0.44358, 8.83003, 2]},
			"faces": {
				"north": {"uv": [1, 2, 2.38947, 6.7125], "texture": "#0"},
				"east": {"uv": [1, 2, 2.38947, 6.7125], "texture": "#0"},
				"south": {"uv": [1, 2, 2.38947, 6.7125], "texture": "#0"},
				"west": {"uv": [1, 2, 2.38947, 6.7125], "texture": "#0"},
				"up": {"uv": [1, 2, 2.38947, 3.3], "texture": "#0"},
				"down": {"uv": [1, 2, 2.38947, 3.3], "texture": "#0"}
			}
		},
		{
			"from": [-0.8, 6, 1.2],
			"to": [1.3, 7.6, 14.8],
			"rotation": {"angle": 0, "axis": "z", "origin": [-0.3, 7.3, 0]},
			"faces": {
				"north": {"uv": [2.38947, 3.3, 3.77895, 5.00625], "rotation": 90, "texture": "#0"},
				"east": {"uv": [2.38947, 3.625, 3.77895, 14.675], "rotation": 270, "texture": "#0"},
				"south": {"uv": [2.38947, 3.3, 3.77895, 5.00625], "rotation": 270, "texture": "#0"},
				"west": {"uv": [2.38947, 3.625, 3.77895, 14.675], "rotation": 270, "texture": "#0"},
				"up": {"uv": [2.38947, 3.3, 14.2, 5.00625], "rotation": 270, "texture": "#0"},
				"down": {"uv": [2.38947, 3.3, 14.2, 5.00625], "rotation": 270, "texture": "#0"}
			}
		},
		{
			"from": [-1.24358, 11.03003, 3.05],
			"to": [0.35642, 12.83003, 12.95],
			"rotation": {"angle": 22.5, "axis": "z", "origin": [-0.44358, 8.83003, 2]},
			"faces": {
				"north": {"uv": [3.77895, 2, 2.38947, 3.4625], "texture": "#0"},
				"east": {"uv": [10.98684, 2, 2.38947, 3.4625], "texture": "#0"},
				"south": {"uv": [3.77895, 2, 2.38947, 3.4625], "texture": "#0"},
				"west": {"uv": [10.98684, 2, 2.38947, 3.4625], "texture": "#0"},
				"up": {"uv": [3.77895, 2, 2.38947, 10.04375], "texture": "#0"},
				"down": {"uv": [3.77895, 2, 2.38947, 10.04375], "texture": "#0"}
			}
		},
		{
			"from": [-1.24358, 7.03003, 12.95],
			"to": [0.35642, 12.83003, 14.55],
			"rotation": {"angle": 22.5, "axis": "z", "origin": [-0.44358, 8.83003, 14]},
			"faces": {
				"north": {"uv": [2.38947, 2, 1, 6.7125], "texture": "#0"},
				"east": {"uv": [2.38947, 2, 1, 6.7125], "texture": "#0"},
				"south": {"uv": [2.38947, 2, 1, 6.7125], "texture": "#0"},
				"west": {"uv": [2.38947, 2, 1, 6.7125], "texture": "#0"},
				"up": {"uv": [1, 3.3, 2.38947, 2], "texture": "#0"},
				"down": {"uv": [1, 3.3, 2.38947, 2], "texture": "#0"}
			}
		},
		{
			"from": [-0.91758, 7.88386, 12.975],
			"to": [2.88242, 9.48386, 14.525],
			"rotation": {"angle": 45, "axis": "z", "origin": [-5.11758, 8.68386, 14]},
			"faces": {
				"north": {"uv": [1, 5.0875, 2.38947, 2], "rotation": 90, "texture": "#0"},
				"east": {"uv": [1, 3.25938, 2.38947, 2], "rotation": 90, "texture": "#0"},
				"south": {"uv": [1, 5.0875, 2.38947, 2], "rotation": 270, "texture": "#0"},
				"west": {"uv": [1, 3.25938, 2.38947, 2], "rotation": 90, "texture": "#0"},
				"up": {"uv": [2.34605, 2, 1, 5.0875], "rotation": 90, "texture": "#0"},
				"down": {"uv": [2.34605, 2, 1, 5.0875], "rotation": 90, "texture": "#0"}
			}
		},
		{
			"from": [0.59944, 11.76003, 13],
			"to": [4.39944, 13.36003, 14.5],
			"rotation": {"angle": 22.5, "axis": "z", "origin": [-3.60056, 12.56003, 14]},
			"faces": {
				"north": {"uv": [1, 5.0875, 2.38947, 2], "rotation": 90, "texture": "#0"},
				"east": {"uv": [1, 3.21875, 2.38947, 2], "rotation": 90, "texture": "#0"},
				"south": {"uv": [1, 5.0875, 2.38947, 2], "rotation": 270, "texture": "#0"},
				"west": {"uv": [1, 3.21875, 2.38947, 2], "rotation": 90, "texture": "#0"},
				"up": {"uv": [2.30263, 2, 1, 5.0875], "rotation": 90, "texture": "#0"},
				"down": {"uv": [2.30263, 2, 1, 5.0875], "rotation": 90, "texture": "#0"}
			}
		},
		{
			"from": [3.48433, 14.5606, 2.9],
			"to": [5.08433, 16.3606, 13],
			"rotation": {"angle": 0, "axis": "z", "origin": [4.28433, 9.3606, 1.95]},
			"faces": {
				"north": {"uv": [2.38947, 2, 3.77895, 3.4625], "texture": "#0"},
				"east": {"uv": [2.38947, 2, 11.16053, 3.4625], "texture": "#0"},
				"south": {"uv": [2.38947, 2, 3.77895, 3.4625], "texture": "#0"},
				"west": {"uv": [2.38947, 2, 11.16053, 3.4625], "texture": "#0"},
				"up": {"uv": [2.38947, 2, 3.77895, 10.20625], "texture": "#0"},
				"down": {"uv": [2.38947, 2, 3.77895, 10.20625], "texture": "#0"}
			}
		},
		{
			"from": [10.93433, 14.5606, 2.9],
			"to": [12.53433, 16.3606, 13],
			"rotation": {"angle": 0, "axis": "z", "origin": [11.73433, 9.3606, 1.95]},
			"faces": {
				"north": {"uv": [2.38947, 2, 3.77895, 3.4625], "texture": "#0"},
				"east": {"uv": [2.38947, 2, 11.16053, 3.4625], "texture": "#0"},
				"south": {"uv": [2.38947, 2, 3.77895, 3.4625], "texture": "#0"},
				"west": {"uv": [2.38947, 2, 11.16053, 3.4625], "texture": "#0"},
				"up": {"uv": [2.38947, 2, 3.77895, 10.20625], "texture": "#0"},
				"down": {"uv": [2.38947, 2, 3.77895, 10.20625], "texture": "#0"}
			}
		},
		{
			"from": [10.91567, 7.4606, 12.85],
			"to": [12.51567, 14.7606, 14.45],
			"rotation": {"angle": 0, "axis": "z", "origin": [15.71567, 10.7606, 13.9]},
			"faces": {
				"north": {"uv": [3.77895, 2, 2.38947, 7.93125], "texture": "#0"},
				"east": {"uv": [3.77895, 2, 2.38947, 7.93125], "texture": "#0"},
				"south": {"uv": [3.77895, 2, 2.38947, 7.93125], "texture": "#0"},
				"west": {"uv": [3.77895, 2, 2.38947, 7.93125], "texture": "#0"},
				"up": {"uv": [2.38947, 3.3, 1, 4.6], "texture": "#0"},
				"down": {"uv": [2.38947, 3.3, 1, 4.6], "texture": "#0"}
			}
		},
		{
			"from": [3.48433, 7.4606, 12.85],
			"to": [5.08433, 14.7606, 14.45],
			"rotation": {"angle": 0, "axis": "z", "origin": [0.28433, 10.7606, 13.9]},
			"faces": {
				"north": {"uv": [2.38947, 2, 3.77895, 7.93125], "texture": "#0"},
				"east": {"uv": [2.38947, 2, 3.77895, 7.93125], "texture": "#0"},
				"south": {"uv": [2.38947, 2, 3.77895, 7.93125], "texture": "#0"},
				"west": {"uv": [2.38947, 2, 3.77895, 7.93125], "texture": "#0"},
				"up": {"uv": [1, 3.3, 2.38947, 4.6], "texture": "#0"},
				"down": {"uv": [1, 3.3, 2.38947, 4.6], "texture": "#0"}
			}
		},
		{
			"from": [11.60056, 11.76003, 13],
			"to": [15.40056, 13.36003, 14.5],
			"rotation": {"angle": -22.5, "axis": "z", "origin": [19.60056, 12.56003, 14]},
			"faces": {
				"north": {"uv": [1, 2, 2.38947, 5.0875], "rotation": 90, "texture": "#0"},
				"east": {"uv": [1, 2, 2.38947, 3.21875], "rotation": 90, "texture": "#0"},
				"south": {"uv": [1, 2, 2.38947, 5.0875], "rotation": 270, "texture": "#0"},
				"west": {"uv": [1, 2, 2.38947, 3.21875], "rotation": 90, "texture": "#0"},
				"up": {"uv": [2.30263, 5.0875, 1, 2], "rotation": 90, "texture": "#0"},
				"down": {"uv": [2.30263, 5.0875, 1, 2], "rotation": 90, "texture": "#0"}
			}
		},
		{
			"from": [15.64358, 7.03003, 12.95],
			"to": [17.24358, 12.83003, 14.55],
			"rotation": {"angle": -22.5, "axis": "z", "origin": [16.44358, 8.83003, 14]},
			"faces": {
				"north": {"uv": [1, 2, 2.38947, 6.7125], "texture": "#0"},
				"east": {"uv": [1, 2, 2.38947, 6.7125], "texture": "#0"},
				"south": {"uv": [1, 2, 2.38947, 6.7125], "texture": "#0"},
				"west": {"uv": [1, 2, 2.38947, 6.7125], "texture": "#0"},
				"up": {"uv": [2.38947, 3.3, 1, 2], "texture": "#0"},
				"down": {"uv": [2.38947, 3.3, 1, 2], "texture": "#0"}
			}
		},
		{
			"from": [13.11758, 7.88386, 12.975],
			"to": [16.91758, 9.48386, 14.525],
			"rotation": {"angle": -45, "axis": "z", "origin": [21.11758, 8.68386, 14]},
			"faces": {
				"north": {"uv": [1, 2, 2.38947, 5.0875], "rotation": 90, "texture": "#0"},
				"east": {"uv": [1, 2, 2.38947, 3.25938], "rotation": 90, "texture": "#0"},
				"south": {"uv": [1, 2, 2.38947, 5.0875], "rotation": 270, "texture": "#0"},
				"west": {"uv": [1, 2, 2.38947, 3.25938], "rotation": 90, "texture": "#0"},
				"up": {"uv": [2.34605, 5.0875, 1, 2], "rotation": 90, "texture": "#0"},
				"down": {"uv": [2.34605, 5.0875, 1, 2], "rotation": 90, "texture": "#0"}
			}
		},
		{
			"from": [3.48433, 14.7606, 13],
			"to": [12.53433, 16.3606, 14.45],
			"rotation": {"angle": 0, "axis": "z", "origin": [-0.71567, 15.5606, 25.475]},
			"faces": {
				"north": {"uv": [1, 2, 2.38947, 9.35313], "rotation": 270, "texture": "#0"},
				"east": {"uv": [1, 2, 2.38947, 3.17812], "rotation": 90, "texture": "#0"},
				"south": {"uv": [1, 2, 2.38947, 9.35313], "rotation": 90, "texture": "#0"},
				"west": {"uv": [1, 2, 2.38947, 3.17812], "rotation": 90, "texture": "#0"},
				"up": {"uv": [1, 2, 2.25921, 9.35313], "rotation": 90, "texture": "#0"},
				"down": {"uv": [1, 2, 2.25921, 9.35313], "rotation": 90, "texture": "#0"}
			}
		},
		{
			"from": [1.3, 6, 12.7],
			"to": [14.9, 7.6, 14.8],
			"rotation": {"angle": 0, "axis": "z", "origin": [16.3, 7.3, 0]},
			"faces": {
				"north": {"uv": [2.38947, 2, 3.77895, 13.05], "rotation": 90, "texture": "#0"},
				"east": {"uv": [2.38947, 2, 3.77895, 3.70625], "rotation": 270, "texture": "#0"},
				"south": {"uv": [2.38947, 2, 3.77895, 13.05], "rotation": 270, "texture": "#0"},
				"west": {"uv": [2.38947, 2, 3.77895, 3.70625], "rotation": 270, "texture": "#0"},
				"up": {"uv": [2.38947, 2, 4.21316, 13.05], "rotation": 270, "texture": "#0"},
				"down": {"uv": [2.38947, 2, 4.21316, 13.05], "rotation": 270, "texture": "#0"}
			}
		},
		{
			"from": [15.64358, 11.03003, 3.05],
			"to": [17.24358, 12.83003, 12.95],
			"rotation": {"angle": -22.5, "axis": "z", "origin": [16.44358, 8.83003, 2]},
			"faces": {
				"north": {"uv": [2.38947, 2, 3.77895, 3.4625], "texture": "#0"},
				"east": {"uv": [2.38947, 2, 10.98684, 3.4625], "texture": "#0"},
				"south": {"uv": [2.38947, 2, 3.77895, 3.4625], "texture": "#0"},
				"west": {"uv": [2.38947, 2, 10.98684, 3.4625], "texture": "#0"},
				"up": {"uv": [2.38947, 2, 3.77895, 10.04375], "texture": "#0"},
				"down": {"uv": [2.38947, 2, 3.77895, 10.04375], "texture": "#0"}
			}
		},
		{
			"from": [6.3, 5, 0.95],
			"to": [9.9, 8.6, 2.2],
			"rotation": {"angle": 0, "axis": "z", "origin": [16.3, 7.3, 0]},
			"faces": {
				"north": {"uv": [0, 0, 3.5, 3.5], "texture": "#2"},
				"east": {"uv": [8, 4, 9.5, 7.5], "texture": "#2"},
				"south": {"uv": [0, 4, 3.5, 7.5], "texture": "#2"},
				"west": {"uv": [8, 8, 9.5, 11.5], "texture": "#2"},
				"up": {"uv": [3.5, 11.5, 0, 10], "texture": "#2"},
				"down": {"uv": [7.5, 10, 4, 11.5], "texture": "#2"}
			}
		},
		{
			"from": [2.3, 5.75, 13],
			"to": [5.9, 7.85, 15.1],
			"rotation": {"angle": 0, "axis": "z", "origin": [16.3, 7.3, 0]},
			"faces": {
				"north": {"uv": [4, 0, 7.5, 2], "texture": "#2"},
				"east": {"uv": [10, 4, 12, 6], "texture": "#2"},
				"south": {"uv": [4, 2, 7.5, 4], "texture": "#2"},
				"west": {"uv": [10, 6, 12, 8], "texture": "#2"},
				"up": {"uv": [7.5, 6, 4, 4], "texture": "#2"},
				"down": {"uv": [7.5, 6, 4, 8], "texture": "#2"}
			}
		},
		{
			"from": [10.3, 5.75, 13],
			"to": [13.9, 7.85, 15.1],
			"rotation": {"angle": 0, "axis": "z", "origin": [16.3, 7.3, 0]},
			"faces": {
				"north": {"uv": [0, 8, 3.5, 10], "texture": "#2"},
				"east": {"uv": [10, 8, 12, 10], "texture": "#2"},
				"south": {"uv": [8, 0, 11.5, 2], "texture": "#2"},
				"west": {"uv": [10, 10, 12, 12], "texture": "#2"},
				"up": {"uv": [11.5, 4, 8, 2], "texture": "#2"},
				"down": {"uv": [7.5, 8, 4, 10], "texture": "#2"}
			}
		},
		{
			"from": [-0.9166, -0.81528, 6.475],
			"to": [-0.3066, 1.62472, 7.085],
			"rotation": {"angle": -22.5, "axis": "z", "origin": [6.5134, 0.87472, 6.475]},
			"faces": {
				"north": {"uv": [3, 12, 3.5, 14.5], "texture": "#2"},
				"east": {"uv": [12, 3, 12.5, 5.5], "texture": "#2"},
				"south": {"uv": [4, 12, 4.5, 14.5], "texture": "#2"},
				"west": {"uv": [5, 12, 5.5, 14.5], "texture": "#2"},
				"up": {"uv": [14.5, 2.5, 14, 2], "texture": "#2"},
				"down": {"uv": [14.5, 3, 14, 3.5], "texture": "#2"}
			}
		},
		{
			"from": [-0.9166, -0.81528, 8.915],
			"to": [-0.3066, 1.62472, 9.525],
			"rotation": {"angle": -22.5, "axis": "z", "origin": [6.5134, 0.87472, 6.475]},
			"faces": {
				"north": {"uv": [0, 12, 0.5, 14.5], "texture": "#2"},
				"east": {"uv": [12, 0, 12.5, 2.5], "texture": "#2"},
				"south": {"uv": [1, 12, 1.5, 14.5], "texture": "#2"},
				"west": {"uv": [2, 12, 2.5, 14.5], "texture": "#2"},
				"up": {"uv": [13.5, 11.5, 13, 11], "texture": "#2"},
				"down": {"uv": [12.5, 13, 12, 13.5], "texture": "#2"}
			}
		},
		{
			"from": [-0.9166, -0.81528, 7.085],
			"to": [-0.3066, -0.20528, 8.915],
			"rotation": {"angle": -22.5, "axis": "z", "origin": [6.5134, 0.87472, 6.475]},
			"faces": {
				"north": {"uv": [13, 13, 13.5, 13.5], "texture": "#2"},
				"east": {"uv": [12, 12, 14, 12.5], "texture": "#2"},
				"south": {"uv": [14, 1, 14.5, 1.5], "texture": "#2"},
				"west": {"uv": [13, 0, 15, 0.5], "texture": "#2"},
				"up": {"uv": [13.5, 3, 13, 1], "texture": "#2"},
				"down": {"uv": [13.5, 3, 13, 5], "texture": "#2"}
			}
		},
		{
			"from": [16.3066, -0.81528, 6.475],
			"to": [16.9166, 1.62472, 7.085],
			"rotation": {"angle": 22.5, "axis": "z", "origin": [9.4866, 0.87472, 6.475]},
			"faces": {
				"north": {"uv": [6, 12, 6.5, 14.5], "texture": "#2"},
				"east": {"uv": [12, 6, 12.5, 8.5], "texture": "#2"},
				"south": {"uv": [7, 12, 7.5, 14.5], "texture": "#2"},
				"west": {"uv": [8, 12, 8.5, 14.5], "texture": "#2"},
				"up": {"uv": [14.5, 4.5, 14, 4], "texture": "#2"},
				"down": {"uv": [14.5, 7, 14, 7.5], "texture": "#2"}
			}
		},
		{
			"from": [16.3066, -0.81528, 7.085],
			"to": [16.9166, -0.20528, 8.915],
			"rotation": {"angle": 22.5, "axis": "z", "origin": [9.4866, 0.87472, 6.475]},
			"faces": {
				"north": {"uv": [14, 8, 14.5, 8.5], "texture": "#2"},
				"east": {"uv": [13, 5, 15, 5.5], "texture": "#2"},
				"south": {"uv": [14, 9, 14.5, 9.5], "texture": "#2"},
				"west": {"uv": [13, 6, 15, 6.5], "texture": "#2"},
				"up": {"uv": [13.5, 9, 13, 7], "texture": "#2"},
				"down": {"uv": [13.5, 9, 13, 11], "texture": "#2"}
			}
		},
		{
			"from": [16.3066, -0.81528, 8.915],
			"to": [16.9166, 1.62472, 9.525],
			"rotation": {"angle": 22.5, "axis": "z", "origin": [9.4866, 0.87472, 6.475]},
			"faces": {
				"north": {"uv": [9, 12, 9.5, 14.5], "texture": "#2"},
				"east": {"uv": [12, 9, 12.5, 11.5], "texture": "#2"},
				"south": {"uv": [10, 12, 10.5, 14.5], "texture": "#2"},
				"west": {"uv": [11, 12, 11.5, 14.5], "texture": "#2"},
				"up": {"uv": [14.5, 10.5, 14, 10], "texture": "#2"},
				"down": {"uv": [14.5, 11, 14, 11.5], "texture": "#2"}
			}
		},
		{
			"from": [-13, 0, 0],
			"to": [-2, 8, 0],
			"faces": {
				"north": {"uv": [0, 0, 11, 8], "texture": "#missing"},
				"east": {"uv": [0, 0, 0, 8], "texture": "#missing"},
				"south": {"uv": [0, 8, 11, 16], "texture": "#missing"},
				"west": {"uv": [0, 0, 0, 8], "texture": "#missing"},
				"up": {"uv": [11, 0, 0, 0], "texture": "#missing"},
				"down": {"uv": [11, 0, 0, 0], "texture": "#missing"}
			}
		}
	],
	"gui_light": "front",
	"display": {
		"thirdperson_righthand": {
			"rotation": [75, 45, 0],
			"translation": [0, 2.5, 0],
			"scale": [0.375, 0.375, 0.375]
		},
		"thirdperson_lefthand": {
			"rotation": [75, 45, 0],
			"translation": [0, 2.5, 0],
			"scale": [0.375, 0.375, 0.375]
		},
		"firstperson_righthand": {
			"rotation": [0, 111, 0],
			"translation": [0, 2.75, 0],
			"scale": [0.4, 0.4, 0.4]
		},
		"firstperson_lefthand": {
			"rotation": [0, 111, 0],
			"translation": [0, 2.75, 0],
			"scale": [0.4, 0.4, 0.4]
		},
		"ground": {
			"translation": [0, 0.25, 0],
			"scale": [0.32, 0.32, 0.32]
		},
		"gui": {
			"rotation": [30, 225, 0],
			"scale": [0.625, 0.625, 0.625]
		},
		"head": {
			"translation": [0, 2.5, 0],
			"scale": [1.21, 1.21, 1.21]
		},
		"fixed": {
			"rotation": [-90, 0, 0],
			"translation": [0, 0, -14.75],
			"scale": [1.98, 1.98, 1.98]
		}
	},
	"groups": [
		0,
		1,
		2,
		3,
		4,
		5,
		6,
		7,
		8,
		9,
		10,
		11,
		12,
		13,
		14,
		15,
		16,
		17,
		{
			"name": "frame",
			"origin": [16.44358, 8.83003, 2],
			"color": 0,
			"children": [18, 19, 20, 21, 22, 23, 24, 25, 26, 27, 28, 29, 30, 31, 32, 33, 34, 35, 36, 37, 38, 39, 40, 41, 42, 43, 44, 45, 46, 47, 48, 49, 50, 51]
		},
		52,
		53,
		54,
		55,
		56,
		57,
		58,
		59,
		60,
		61
	]
}