{
	"credit": "Made by Aiden (feignedmars4438 on discord)",
	"textures": {
		"0": "item/vanilla_textures/vanilla_block_textures/smooth_stone",
		"1": "item/vanilla_textures/vanilla_block_textures/stripped_mangrove_log",
		"particle": "item/vanilla_textures/vanilla_block_textures/smooth_stone"
	},
	"elements": [
		{
			"from": [1, 0, 2.5],
			"to": [15, 1, 13.25],
			"faces": {
				"north": {"uv": [1, 2, 15, 3], "texture": "#0"},
				"east": {"uv": [1, 2, 11, 3], "texture": "#0"},
				"south": {"uv": [1, 2, 15, 3], "texture": "#0"},
				"west": {"uv": [1, 2, 11, 3], "texture": "#0"},
				"up": {"uv": [1, 2, 15, 12], "texture": "#0"},
				"down": {"uv": [1, 2, 15, 12], "texture": "#0"}
			}
		},
		{
			"from": [1.25, 1, 3.25],
			"to": [3, 4, 5],
			"rotation": {"angle": 0, "axis": "y", "origin": [1, -2, -1]},
			"faces": {
				"north": {"uv": [8, 3, 6.25, 6], "texture": "#0"},
				"east": {"uv": [8, 3, 6.25, 6], "texture": "#0"},
				"south": {"uv": [8, 3, 6.25, 6], "texture": "#0"},
				"west": {"uv": [8, 3, 6.25, 6], "texture": "#0"},
				"up": {"uv": [8, 3, 6.25, 4.75], "texture": "#0"},
				"down": {"uv": [8, 3, 6.25, 4.75], "texture": "#0"}
			}
		},
		{
			"from": [13, 1, 3.25],
			"to": [14.75, 4, 5],
			"rotation": {"angle": 0, "axis": "y", "origin": [15, -2, -1]},
			"faces": {
				"north": {"uv": [6.25, 3, 8, 6], "texture": "#0"},
				"east": {"uv": [6.25, 3, 8, 6], "texture": "#0"},
				"south": {"uv": [6.25, 3, 8, 6], "texture": "#0"},
				"west": {"uv": [6.25, 3, 8, 6], "texture": "#0"},
				"up": {"uv": [6.25, 3, 8, 4.75], "texture": "#0"},
				"down": {"uv": [6.25, 3, 8, 4.75], "texture": "#0"}
			}
		},
		{
			"from": [1.25, 0.75, 11],
			"to": [3, 4, 12.75],
			"faces": {
				"north": {"uv": [1, 3, 2.75, 6.25], "texture": "#0"},
				"east": {"uv": [1, 3, 2.75, 6.25], "texture": "#0"},
				"south": {"uv": [1, 3, 2.75, 6.25], "texture": "#0"},
				"west": {"uv": [1, 3, 2.75, 6.25], "texture": "#0"},
				"up": {"uv": [1, 3, 2.75, 4.75], "texture": "#0"},
				"down": {"uv": [1, 3, 2.75, 4.75], "texture": "#0"}
			}
		},
		{
			"from": [13, 0.5, 11],
			"to": [14.75, 4, 12.75],
			"rotation": {"angle": 0, "axis": "y", "origin": [16, 0, 0]},
			"faces": {
				"north": {"uv": [2.75, 3, 4.5, 6.5], "texture": "#0"},
				"east": {"uv": [2.75, 3, 4.5, 6.5], "texture": "#0"},
				"south": {"uv": [2.75, 3, 4.5, 6.5], "texture": "#0"},
				"west": {"uv": [2.75, 3, 4.5, 6.5], "texture": "#0"},
				"up": {"uv": [2.75, 3, 4.5, 4.75], "texture": "#0"},
				"down": {"uv": [2.75, 3, 4.5, 4.75], "texture": "#0"}
			}
		},
		{
			"from": [1, 4, 2.5],
			"to": [15, 5.75, 13.25],
			"rotation": {"angle": 0, "axis": "y", "origin": [1, -5, 1]},
			"faces": {
				"north": {"uv": [1, 3, 15, 4.75], "texture": "#0"},
				"east": {"uv": [1, 3, 11.75, 4.75], "texture": "#0"},
				"south": {"uv": [1, 3, 15, 4.75], "texture": "#0"},
				"west": {"uv": [1, 3, 11.75, 4.75], "texture": "#0"},
				"up": {"uv": [1, 3, 15, 13.75], "texture": "#0"},
				"down": {"uv": [1, 3, 15, 13.75], "texture": "#0"}
			}
		},
		{
			"from": [3, 1, 3.5],
			"to": [13, 4, 12.5],
			"rotation": {"angle": 0, "axis": "y", "origin": [-1, -1, 1.25]},
			"faces": {
				"north": {"uv": [0, 0, 10, 3], "texture": "#1"},
				"east": {"uv": [0, 0, 9, 3], "texture": "#1"},
				"south": {"uv": [0, 0, 10, 3], "texture": "#1"},
				"west": {"uv": [0, 0, 9, 3], "texture": "#1"},
				"up": {"uv": [0, 0, 10, 9], "texture": "#1"},
				"down": {"uv": [0, 0, 10, 9], "texture": "#1"}
			}
		},
		{
			"from": [1.5, 1, 5],
			"to": [3, 4, 11],
			"faces": {
				"north": {"uv": [0, 0, 1.5, 3], "texture": "#1"},
				"east": {"uv": [0, 0, 6, 3], "texture": "#1"},
				"south": {"uv": [0, 0, 1.5, 3], "texture": "#1"},
				"west": {"uv": [0, 0, 6, 3], "texture": "#1"},
				"up": {"uv": [0, 0, 1.5, 6], "texture": "#1"},
				"down": {"uv": [0, 0, 1.5, 6], "texture": "#1"}
			}
		},
		{
			"from": [1.25, 5.75, 3.25],
			"to": [14.75, 6.25, 12.75],
			"rotation": {"angle": 0, "axis": "y", "origin": [1, -0.25, 3]},
			"faces": {
				"north": {"uv": [0, 0, 13.5, 0.5], "texture": "#1"},
				"east": {"uv": [0, 0, 9.5, 0.5], "texture": "#1"},
				"south": {"uv": [0, 0, 13.5, 0.5], "texture": "#1"},
				"west": {"uv": [0, 0, 9.5, 0.5], "texture": "#1"},
				"up": {"uv": [0, 0, 13.5, 9.5], "texture": "#1"},
				"down": {"uv": [0, 0, 13.5, 9.5], "texture": "#1"}
			}
		},
		{
			"from": [1, 6.25, 2.5],
			"to": [15, 8, 13.25],
			"rotation": {"angle": 0, "axis": "y", "origin": [1, -3.25, 3]},
			"faces": {
				"north": {"uv": [1, 3, 15, 4.5], "texture": "#0"},
				"east": {"uv": [1, 3, 11.75, 4.5], "texture": "#0"},
				"south": {"uv": [1, 3, 15, 4.5], "texture": "#0"},
				"west": {"uv": [1, 3, 11.75, 4.5], "texture": "#0"},
				"up": {"uv": [1, 3, 15, 13.75], "texture": "#0"},
				"down": {"uv": [1, 3, 15, 13.75], "texture": "#0"}
			}
		},
		{
			"from": [7, 5.25, 2.25],
			"to": [9, 8.25, 3.25],
			"color": 0,
			"faces": {
				"north": {"uv": [0, 0, 2, 3], "texture": "#missing"},
				"east": {"uv": [0, 0, 1, 3], "texture": "#missing"},
				"south": {"uv": [0, 0, 2, 3], "texture": "#missing"},
				"west": {"uv": [0, 0, 1, 3], "texture": "#missing"},
				"up": {"uv": [0, 0, 2, 1], "texture": "#missing"},
				"down": {"uv": [0, 0, 2, 1], "texture": "#missing"}
			}
		},
		{
			"from": [7.25, 7.75, 2.75],
			"to": [8.75, 11, 13],
			"rotation": {"angle": 0, "axis": "y", "origin": [7, 0.25, 2.25]},
			"faces": {
				"north": {"uv": [1, 3, 2.5, 6.25], "texture": "#0"},
				"east": {"uv": [1, 3, 11.25, 6.25], "texture": "#0"},
				"south": {"uv": [1, 3, 2.5, 6.25], "texture": "#0"},
				"west": {"uv": [1, 3, 11.25, 6.25], "texture": "#0"},
				"up": {"uv": [1, 3, 2.5, 13.25], "texture": "#0"},
				"down": {"uv": [1, 3, 2.5, 13.25], "texture": "#0"}
			}
		},
		{
			"from": [1.25, 7.75, 2.75],
			"to": [2.75, 11, 13],
			"rotation": {"angle": 0, "axis": "y", "origin": [7, 0.25, 2.25]},
			"faces": {
				"north": {"uv": [1, 3, 2.5, 6.25], "texture": "#0"},
				"east": {"uv": [1, 3, 11.25, 6.25], "texture": "#0"},
				"south": {"uv": [1, 3, 2.5, 6.25], "texture": "#0"},
				"west": {"uv": [1, 3, 11.25, 6.25], "texture": "#0"},
				"up": {"uv": [1, 3, 2.5, 13.25], "texture": "#0"},
				"down": {"uv": [1, 3, 2.5, 13.25], "texture": "#0"}
			}
		},
		{
			"from": [13.25, 7.75, 2.75],
			"to": [14.75, 11, 13],
			"rotation": {"angle": 0, "axis": "y", "origin": [9, 0.25, 2.25]},
			"faces": {
				"north": {"uv": [2.5, 3, 1, 6.25], "texture": "#0"},
				"east": {"uv": [11.25, 3, 1, 6.25], "texture": "#0"},
				"south": {"uv": [2.5, 3, 1, 6.25], "texture": "#0"},
				"west": {"uv": [11.25, 3, 1, 6.25], "texture": "#0"},
				"up": {"uv": [2.5, 3, 1, 13.25], "texture": "#0"},
				"down": {"uv": [2.5, 3, 1, 13.25], "texture": "#0"}
			}
		},
		{
			"from": [13, 1, 5],
			"to": [14.5, 4, 11],
			"rotation": {"angle": 0, "axis": "y", "origin": [16, 0, 0]},
			"faces": {
				"north": {"uv": [1.5, 0, 0, 3], "texture": "#1"},
				"east": {"uv": [6, 0, 0, 3], "texture": "#1"},
				"south": {"uv": [1.5, 0, 0, 3], "texture": "#1"},
				"west": {"uv": [6, 0, 0, 3], "texture": "#1"},
				"up": {"uv": [1.5, 0, 0, 6], "texture": "#1"},
				"down": {"uv": [1.5, 0, 0, 6], "texture": "#1"}
			}
		},
		{
			"from": [2.75, 7.75, 3.25],
			"to": [13.5, 10.75, 12.75],
			"rotation": {"angle": 0, "axis": "y", "origin": [1, -2.25, -18.25]},
			"faces": {
				"north": {"uv": [0, 0, 10.75, 3], "texture": "#1"},
				"east": {"uv": [0, 0, 9.5, 3], "texture": "#1"},
				"south": {"uv": [0, 0, 10.75, 3], "texture": "#1"},
				"west": {"uv": [0, 0, 9.5, 3], "texture": "#1"},
				"up": {"uv": [0, 0, 10.75, 9.5], "texture": "#1"},
				"down": {"uv": [0, 0, 10.75, 9.5], "texture": "#1"}
			}
		},
		{
			"from": [1.25, 0.5, 11],
			"to": [3, 4, 12.75],
			"faces": {
				"north": {"uv": [4.5, 3, 2.75, 6.5], "texture": "#0"},
				"east": {"uv": [4.5, 3, 2.75, 6.5], "texture": "#0"},
				"south": {"uv": [4.5, 3, 2.75, 6.5], "texture": "#0"},
				"west": {"uv": [4.5, 3, 2.75, 6.5], "texture": "#0"},
				"up": {"uv": [4.5, 3, 2.75, 4.75], "texture": "#0"},
				"down": {"uv": [4.5, 3, 2.75, 4.75], "texture": "#0"}
			}
		},
		{
			"from": [13, 0.75, 11],
			"to": [14.75, 4, 12.75],
			"rotation": {"angle": 0, "axis": "y", "origin": [16, 0, 0]},
			"faces": {
				"north": {"uv": [2.75, 3, 1, 6.25], "texture": "#0"},
				"east": {"uv": [2.75, 3, 1, 6.25], "texture": "#0"},
				"south": {"uv": [2.75, 3, 1, 6.25], "texture": "#0"},
				"west": {"uv": [2.75, 3, 1, 6.25], "texture": "#0"},
				"up": {"uv": [2.75, 3, 1, 4.75], "texture": "#0"},
				"down": {"uv": [2.75, 3, 1, 4.75], "texture": "#0"}
			}
		},
		{
			"from": [4, 4.5, 12.75],
			"to": [6.25, 7.5, 13.75],
			"faces": {
				"north": {"uv": [9.5, 5, 7.25, 8], "texture": "#0"},
				"east": {"uv": [6.75, 5, 5.75, 8], "texture": "#0"},
				"south": {"uv": [9.5, 5, 7.25, 8], "texture": "#0"},
				"west": {"uv": [6.75, 5, 5.75, 8], "texture": "#0"},
				"up": {"uv": [9.5, 5, 7.25, 6], "texture": "#0"},
				"down": {"uv": [9.5, 5, 7.25, 6], "texture": "#0"}
			}
		},
		{
			"from": [9.75, 4.5, 12.75],
			"to": [12, 7.5, 13.75],
			"rotation": {"angle": 0, "axis": "y", "origin": [16, 0, 0]},
			"faces": {
				"north": {"uv": [7.25, 5, 9.5, 8], "texture": "#0"},
				"east": {"uv": [5.75, 5, 6.75, 8], "texture": "#0"},
				"south": {"uv": [7.25, 5, 9.5, 8], "texture": "#0"},
				"west": {"uv": [5.75, 5, 6.75, 8], "texture": "#0"},
				"up": {"uv": [7.25, 5, 9.5, 6], "texture": "#0"},
				"down": {"uv": [7.25, 5, 9.5, 6], "texture": "#0"}
			}
		}
	],
	"display": {
		"thirdperson_righthand": {
			"rotation": [75, 45, 0],
			"translation": [0, 2.5, 0],
			"scale": [0.375, 0.375, 0.375]
		},
		"thirdperson_lefthand": {
			"rotation": [75, 45, 0],
			"translation": [0, 2.5, 0],
			"scale": [0.375, 0.375, 0.375]
		},
		"firstperson_righthand": {
			"rotation": [0, 45, 0],
			"translation": [0, 1.25, 0],
			"scale": [0.4, 0.4, 0.4]
		},
		"firstperson_lefthand": {
			"rotation": [0, 45, 0],
			"translation": [0, 1.25, 0],
			"scale": [0.4, 0.4, 0.4]
		},
		"ground": {
			"translation": [0, 1.25, 0],
			"scale": [0.53, 0.53, 0.53]
		},
		"gui": {
			"rotation": [30, 225, 0],
			"translation": [0, 1.75, 0],
			"scale": [0.8, 0.8, 0.8]
		},
		"head": {
			"translation": [0, 14.25, 0]
		},
		"fixed": {
			"rotation": [-90, 0, 0],
			"translation": [0, 0, -16],
			"scale": [2.25, 2.25, 2.25]
		}
	}
}