{
	"credit": "Made by Aiden (feignedmars4438 on discord)",
	"texture_size": [128, 128],
	"textures": {
		"0": "item/crates/base_texture",
		"particle": "item/crates/base_texture"
	},
	"elements": [
		{
			"from": [0, 0.1, 2],
			"to": [16, 7.4, 14],
			"faces": {
				"north": {"uv": [2, 0, 4, 0.9375], "texture": "#0"},
				"east": {"uv": [2, 2, 3.5, 2.9375], "texture": "#0"},
				"south": {"uv": [2, 1, 4, 1.9375], "texture": "#0"},
				"west": {"uv": [0, 3, 1.5, 3.9375], "texture": "#0"},
				"up": {"uv": [2, 1.5, 0, 0], "texture": "#0"},
				"down": {"uv": [2, 1.5, 0, 3], "texture": "#0"}
			}
		},
		{
			"from": [-0.3, 0, 1.7],
			"to": [1.3, 6, 3.3],
			"faces": {
				"north": {"uv": [6.875, 0.25, 7.0625, 1], "texture": "#0"},
				"east": {"uv": [7, 3, 7.1875, 3.75], "texture": "#0"},
				"south": {"uv": [4, 7, 4.1875, 7.75], "texture": "#0"},
				"west": {"uv": [4.5, 7, 4.6875, 7.75], "texture": "#0"},
				"up": {"uv": [8.3125, 3.9375, 8.125, 3.75], "texture": "#0"},
				"down": {"uv": [8.3125, 4, 8.125, 4.1875], "texture": "#0"}
			}
		},
		{
			"from": [-1.24358, 7.03003, 1.45],
			"to": [0.35642, 12.83003, 3.05],
			"rotation": {"angle": 22.5, "axis": "z", "origin": [-0.44358, 8.83003, 2]},
			"faces": {
				"north": {"uv": [2.375, 7.25, 2.5625, 8], "texture": "#0"},
				"east": {"uv": [2.625, 7.25, 2.8125, 8], "texture": "#0"},
				"south": {"uv": [7.25, 2.75, 7.4375, 3.5], "texture": "#0"},
				"west": {"uv": [2.875, 7.25, 3.0625, 8], "texture": "#0"},
				"up": {"uv": [8.3125, 6.9375, 8.125, 6.75], "texture": "#0"},
				"down": {"uv": [7.0625, 8.125, 6.875, 8.3125], "texture": "#0"}
			}
		},
		{
			"from": [-0.91758, 7.88386, 1.475],
			"to": [2.88242, 9.48386, 3.025],
			"rotation": {"angle": 45, "axis": "z", "origin": [-5.11758, 8.68386, 2]},
			"faces": {
				"north": {"uv": [7.625, 1.75, 8.125, 1.9375], "texture": "#0"},
				"east": {"uv": [8.125, 8, 8.3125, 8.1875], "texture": "#0"},
				"south": {"uv": [7.625, 2, 8.125, 2.1875], "texture": "#0"},
				"west": {"uv": [0, 8.25, 0.1875, 8.4375], "texture": "#0"},
				"up": {"uv": [8.125, 2.4375, 7.625, 2.25], "texture": "#0"},
				"down": {"uv": [8.125, 2.5, 7.625, 2.6875], "texture": "#0"}
			}
		},
		{
			"from": [0.59944, 11.76003, 1.5],
			"to": [4.39944, 13.36003, 3],
			"rotation": {"angle": 22.5, "axis": "z", "origin": [-3.60056, 12.56003, 2]},
			"faces": {
				"north": {"uv": [7.625, 3.5, 8.125, 3.6875], "texture": "#0"},
				"east": {"uv": [0.25, 8.25, 0.4375, 8.4375], "texture": "#0"},
				"south": {"uv": [7.625, 3.75, 8.125, 3.9375], "texture": "#0"},
				"west": {"uv": [0.5, 8.25, 0.6875, 8.4375], "texture": "#0"},
				"up": {"uv": [8.125, 4.1875, 7.625, 4], "texture": "#0"},
				"down": {"uv": [8.125, 4.25, 7.625, 4.4375], "texture": "#0"}
			}
		},
		{
			"from": [-0.91758, 7.88386, 12.975],
			"to": [2.88242, 9.48386, 14.525],
			"rotation": {"angle": 45, "axis": "z", "origin": [-5.11758, 8.68386, 14]},
			"faces": {
				"north": {"uv": [7.625, 6.5, 8.125, 6.6875], "texture": "#0"},
				"east": {"uv": [1.75, 8.25, 1.9375, 8.4375], "texture": "#0"},
				"south": {"uv": [7.625, 6.75, 8.125, 6.9375], "texture": "#0"},
				"west": {"uv": [2, 8.25, 2.1875, 8.4375], "texture": "#0"},
				"up": {"uv": [8.125, 7.1875, 7.625, 7], "texture": "#0"},
				"down": {"uv": [8.125, 7.25, 7.625, 7.4375], "texture": "#0"}
			}
		},
		{
			"from": [0.59944, 11.76003, 13],
			"to": [4.39944, 13.36003, 14.5],
			"rotation": {"angle": 22.5, "axis": "z", "origin": [-3.60056, 12.56003, 14]},
			"faces": {
				"north": {"uv": [7.625, 4.5, 8.125, 4.6875], "texture": "#0"},
				"east": {"uv": [1.25, 8.25, 1.4375, 8.4375], "texture": "#0"},
				"south": {"uv": [7.625, 4.75, 8.125, 4.9375], "texture": "#0"},
				"west": {"uv": [1.5, 8.25, 1.6875, 8.4375], "texture": "#0"},
				"up": {"uv": [8.125, 6.1875, 7.625, 6], "texture": "#0"},
				"down": {"uv": [8.125, 6.25, 7.625, 6.4375], "texture": "#0"}
			}
		},
		{
			"from": [13.11758, 7.88386, 12.975],
			"to": [16.91758, 9.48386, 14.525],
			"rotation": {"angle": -45, "axis": "z", "origin": [21.11758, 8.68386, 14]},
			"faces": {
				"north": {"uv": [7.75, 3.25, 8.25, 3.4375], "texture": "#0"},
				"east": {"uv": [2.75, 8.25, 2.9375, 8.4375], "texture": "#0"},
				"south": {"uv": [7.75, 5, 8.25, 5.1875], "texture": "#0"},
				"west": {"uv": [8.25, 2.75, 8.4375, 2.9375], "texture": "#0"},
				"up": {"uv": [5.75, 7.9375, 5.25, 7.75], "texture": "#0"},
				"down": {"uv": [8.25, 5.25, 7.75, 5.4375], "texture": "#0"}
			}
		},
		{
			"from": [11.60056, 11.76003, 13],
			"to": [15.40056, 13.36003, 14.5],
			"rotation": {"angle": -22.5, "axis": "z", "origin": [19.60056, 12.56003, 14]},
			"faces": {
				"north": {"uv": [1, 7.75, 1.5, 7.9375], "texture": "#0"},
				"east": {"uv": [2.25, 8.25, 2.4375, 8.4375], "texture": "#0"},
				"south": {"uv": [1.5, 7.75, 2, 7.9375], "texture": "#0"},
				"west": {"uv": [2.5, 8.25, 2.6875, 8.4375], "texture": "#0"},
				"up": {"uv": [8.25, 2.9375, 7.75, 2.75], "texture": "#0"},
				"down": {"uv": [8.25, 3, 7.75, 3.1875], "texture": "#0"}
			}
		},
		{
			"from": [13.11758, 7.88386, 1.475],
			"to": [16.91758, 9.48386, 3.025],
			"rotation": {"angle": -45, "axis": "z", "origin": [21.11758, 8.68386, 2]},
			"faces": {
				"north": {"uv": [0, 8, 0.5, 8.1875], "texture": "#0"},
				"east": {"uv": [3.25, 8.25, 3.4375, 8.4375], "texture": "#0"},
				"south": {"uv": [0.5, 8, 1, 8.1875], "texture": "#0"},
				"west": {"uv": [8.25, 3.25, 8.4375, 3.4375], "texture": "#0"},
				"up": {"uv": [1.5, 8.1875, 1, 8], "texture": "#0"},
				"down": {"uv": [2, 8, 1.5, 8.1875], "texture": "#0"}
			}
		},
		{
			"from": [13.11758, 9.23386, 3.025],
			"to": [16.91758, 9.23386, 13.025],
			"rotation": {"angle": -45, "axis": "z", "origin": [21.11758, 8.68386, 2]},
			"faces": {
				"north": {"uv": [0, 0, 0.5, 0], "texture": "#0"},
				"east": {"uv": [0, 0, 1.25, 0], "texture": "#0"},
				"south": {"uv": [0, 0, 0.5, 0], "texture": "#0"},
				"west": {"uv": [0, 0, 1.25, 0], "texture": "#0"},
				"up": {"uv": [4.75, 4, 4.25, 2.75], "texture": "#0"},
				"down": {"uv": [4.75, 4, 4.25, 5.25], "texture": "#0"}
			}
		},
		{
			"from": [11.52016, 13.16493, 3.025],
			"to": [15.32016, 13.16493, 13.025],
			"rotation": {"angle": -22.5, "axis": "z", "origin": [19.52016, 12.61493, 2]},
			"faces": {
				"north": {"uv": [0, 0, 0.5, 0], "texture": "#0"},
				"east": {"uv": [0, 0, 1.25, 0], "texture": "#0"},
				"south": {"uv": [0, 0, 0.5, 0], "texture": "#0"},
				"west": {"uv": [0, 0, 1.25, 0], "texture": "#0"},
				"up": {"uv": [3.25, 5.75, 2.75, 4.5], "texture": "#0"},
				"down": {"uv": [3.75, 4.5, 3.25, 5.75], "texture": "#0"}
			}
		},
		{
			"from": [-0.91758, 9.23386, 3.025],
			"to": [2.88242, 9.23386, 13.025],
			"rotation": {"angle": 45, "axis": "z", "origin": [-5.11758, 8.68386, 2]},
			"faces": {
				"north": {"uv": [0, 0, 0.5, 0], "texture": "#0"},
				"east": {"uv": [0, 0, 1.25, 0], "texture": "#0"},
				"south": {"uv": [0, 0, 0.5, 0], "texture": "#0"},
				"west": {"uv": [0, 0, 1.25, 0], "texture": "#0"},
				"up": {"uv": [5.25, 1.25, 4.75, 0], "texture": "#0"},
				"down": {"uv": [1, 4.75, 0.5, 6], "texture": "#0"}
			}
		},
		{
			"from": [0.67984, 13.16493, 3.025],
			"to": [4.47984, 13.16493, 13.025],
			"rotation": {"angle": 22.5, "axis": "z", "origin": [-3.52016, 12.61493, 2]},
			"faces": {
				"north": {"uv": [0, 0, 0.5, 0], "texture": "#0"},
				"east": {"uv": [0, 0, 1.25, 0], "texture": "#0"},
				"south": {"uv": [0, 0, 0.5, 0], "texture": "#0"},
				"west": {"uv": [0, 0, 1.25, 0], "texture": "#0"},
				"up": {"uv": [4.25, 5.75, 3.75, 4.5], "texture": "#0"},
				"down": {"uv": [0.5, 4.75, 0, 6], "texture": "#0"}
			}
		},
		{
			"from": [11.60056, 11.76003, 1.5],
			"to": [15.40056, 13.36003, 3],
			"rotation": {"angle": -22.5, "axis": "z", "origin": [19.60056, 12.56003, 2]},
			"faces": {
				"north": {"uv": [7.75, 5.5, 8.25, 5.6875], "texture": "#0"},
				"east": {"uv": [3, 8.25, 3.1875, 8.4375], "texture": "#0"},
				"south": {"uv": [7.375, 7.75, 7.875, 7.9375], "texture": "#0"},
				"west": {"uv": [8.25, 3, 8.4375, 3.1875], "texture": "#0"},
				"up": {"uv": [8.375, 7.6875, 7.875, 7.5], "texture": "#0"},
				"down": {"uv": [8.375, 7.75, 7.875, 7.9375], "texture": "#0"}
			}
		},
		{
			"from": [3.48433, 14.7606, 1.55],
			"to": [12.53433, 16.3606, 3],
			"rotation": {"angle": 0, "axis": "z", "origin": [-0.71567, 15.5606, 14.025]},
			"faces": {
				"north": {"uv": [6.125, 5.75, 7.25, 5.9375], "texture": "#0"},
				"east": {"uv": [0.75, 8.25, 0.9375, 8.4375], "texture": "#0"},
				"south": {"uv": [6.125, 6, 7.25, 6.1875], "texture": "#0"},
				"west": {"uv": [1, 8.25, 1.1875, 8.4375], "texture": "#0"},
				"up": {"uv": [2.375, 6.4375, 1.25, 6.25], "texture": "#0"},
				"down": {"uv": [7.25, 6.25, 6.125, 6.4375], "texture": "#0"}
			}
		},
		{
			"from": [4.98433, 16.1606, 3.05],
			"to": [11.03433, 16.1606, 13],
			"rotation": {"angle": 0, "axis": "z", "origin": [-0.71567, 15.5606, 14.025]},
			"faces": {
				"north": {"uv": [0, 0, 0.75, 0], "texture": "#0"},
				"east": {"uv": [0, 0, 1.25, 0], "texture": "#0"},
				"south": {"uv": [0, 0, 0.75, 0], "texture": "#0"},
				"west": {"uv": [0, 0, 1.25, 0], "texture": "#0"},
				"up": {"uv": [2.25, 4.25, 1.5, 3], "texture": "#0"},
				"down": {"uv": [3, 3, 2.25, 4.25], "texture": "#0"}
			}
		},
		{
			"from": [3.48433, 14.7606, 13],
			"to": [12.53433, 16.3606, 14.45],
			"rotation": {"angle": 0, "axis": "z", "origin": [-0.71567, 15.5606, 25.475]},
			"faces": {
				"north": {"uv": [1, 6.5, 2.125, 6.6875], "texture": "#0"},
				"east": {"uv": [3.5, 8.25, 3.6875, 8.4375], "texture": "#0"},
				"south": {"uv": [6.5, 1.25, 7.625, 1.4375], "texture": "#0"},
				"west": {"uv": [3.75, 8.25, 3.9375, 8.4375], "texture": "#0"},
				"up": {"uv": [7.625, 1.6875, 6.5, 1.5], "texture": "#0"},
				"down": {"uv": [7.625, 1.75, 6.5, 1.9375], "texture": "#0"}
			}
		},
		{
			"from": [-1.24358, 7.03003, 12.95],
			"to": [0.35642, 12.83003, 14.55],
			"rotation": {"angle": 22.5, "axis": "z", "origin": [-0.44358, 8.83003, 14]},
			"faces": {
				"north": {"uv": [3.125, 7.25, 3.3125, 8], "texture": "#0"},
				"east": {"uv": [4.25, 7.25, 4.4375, 8], "texture": "#0"},
				"south": {"uv": [7.25, 5.25, 7.4375, 6], "texture": "#0"},
				"west": {"uv": [7.125, 7.25, 7.3125, 8], "texture": "#0"},
				"up": {"uv": [8.3125, 7.1875, 8.125, 7], "texture": "#0"},
				"down": {"uv": [7.3125, 8.125, 7.125, 8.3125], "texture": "#0"}
			}
		},
		{
			"from": [3.48433, 7.4606, 12.85],
			"to": [5.08433, 14.7606, 14.45],
			"rotation": {"angle": 0, "axis": "z", "origin": [0.28433, 10.7606, 13.9]},
			"faces": {
				"north": {"uv": [2.375, 6.25, 2.5625, 7.1875], "texture": "#0"},
				"east": {"uv": [4.25, 6.25, 4.4375, 7.1875], "texture": "#0"},
				"south": {"uv": [2.125, 6.5, 2.3125, 7.4375], "texture": "#0"},
				"west": {"uv": [3.5, 6.5, 3.6875, 7.4375], "texture": "#0"},
				"up": {"uv": [4.1875, 8.4375, 4, 8.25], "texture": "#0"},
				"down": {"uv": [4.4375, 8.25, 4.25, 8.4375], "texture": "#0"}
			}
		},
		{
			"from": [10.91567, 7.4606, 12.85],
			"to": [12.51567, 14.7606, 14.45],
			"rotation": {"angle": 0, "axis": "z", "origin": [15.71567, 10.7606, 13.9]},
			"faces": {
				"north": {"uv": [3.75, 6.5, 3.9375, 7.4375], "texture": "#0"},
				"east": {"uv": [4.875, 6.5, 5.0625, 7.4375], "texture": "#0"},
				"south": {"uv": [5.125, 6.5, 5.3125, 7.4375], "texture": "#0"},
				"west": {"uv": [6.125, 6.5, 6.3125, 7.4375], "texture": "#0"},
				"up": {"uv": [4.6875, 8.4375, 4.5, 8.25], "texture": "#0"},
				"down": {"uv": [4.9375, 8.25, 4.75, 8.4375], "texture": "#0"}
			}
		},
		{
			"from": [10.91567, 7.4606, 1.55],
			"to": [12.51567, 14.7606, 3.15],
			"rotation": {"angle": 0, "axis": "z", "origin": [15.71567, 10.7606, 2.1]},
			"faces": {
				"north": {"uv": [1.5, 6.75, 1.6875, 7.6875], "texture": "#0"},
				"east": {"uv": [1.75, 6.75, 1.9375, 7.6875], "texture": "#0"},
				"south": {"uv": [6.875, 2, 7.0625, 2.9375], "texture": "#0"},
				"west": {"uv": [6.875, 6.5, 7.0625, 7.4375], "texture": "#0"},
				"up": {"uv": [5.4375, 8.4375, 5.25, 8.25], "texture": "#0"},
				"down": {"uv": [8.4375, 5.25, 8.25, 5.4375], "texture": "#0"}
			}
		},
		{
			"from": [5.01567, 7.4606, 1.75],
			"to": [10.91567, 14.7606, 1.75],
			"rotation": {"angle": 0, "axis": "z", "origin": [15.71567, 10.7606, 2.1]},
			"faces": {
				"north": {"uv": [4, 0, 4.75, 0.9375], "texture": "#0"},
				"east": {"uv": [0, 0, 0, 0.9375], "texture": "#0"},
				"south": {"uv": [4, 1, 4.75, 1.9375], "texture": "#0"},
				"west": {"uv": [0, 0, 0, 0.9375], "texture": "#0"},
				"up": {"uv": [0.75, 0, 0, 0], "texture": "#0"},
				"down": {"uv": [0.75, 0, 0, 0], "texture": "#0"}
			}
		},
		{
			"from": [12.51567, 7.4606, 1.75],
			"to": [15.41567, 14.7606, 1.75],
			"rotation": {"angle": 0, "axis": "z", "origin": [15.71567, 10.7606, 2.1]},
			"faces": {
				"north": {"uv": [5, 5, 5.375, 5.9375], "texture": "#0"},
				"east": {"uv": [0, 0, 0, 0.9375], "texture": "#0"},
				"south": {"uv": [5.25, 0, 5.625, 0.9375], "texture": "#0"},
				"west": {"uv": [0, 0, 0, 0.9375], "texture": "#0"},
				"up": {"uv": [0.375, 0, 0, 0], "texture": "#0"},
				"down": {"uv": [0.375, 0, 0, 0], "texture": "#0"}
			}
		},
		{
			"from": [15.41567, 8.4606, 1.75],
			"to": [17.11567, 13.7606, 1.75],
			"rotation": {"angle": 0, "axis": "z", "origin": [15.71567, 10.7606, 2.1]},
			"faces": {
				"north": {"uv": [3.375, 7.5, 3.5625, 8.1875], "texture": "#0"},
				"east": {"uv": [0, 0, 0, 0.6875], "texture": "#0"},
				"south": {"uv": [3.625, 7.5, 3.8125, 8.1875], "texture": "#0"},
				"west": {"uv": [0, 0, 0, 0.6875], "texture": "#0"},
				"up": {"uv": [0.1875, 0, 0, 0], "texture": "#0"},
				"down": {"uv": [0.1875, 0, 0, 0], "texture": "#0"}
			}
		},
		{
			"from": [12.51567, 7.4606, 14.25],
			"to": [15.41567, 14.7606, 14.25],
			"rotation": {"angle": 0, "axis": "z", "origin": [15.71567, 10.7606, 13.9]},
			"faces": {
				"north": {"uv": [1.25, 5.25, 1.625, 6.1875], "texture": "#0"},
				"east": {"uv": [0, 0, 0, 0.9375], "texture": "#0"},
				"south": {"uv": [1.625, 5.25, 2, 6.1875], "texture": "#0"},
				"west": {"uv": [0, 0, 0, 0.9375], "texture": "#0"},
				"up": {"uv": [0.375, 0, 0, 0], "texture": "#0"},
				"down": {"uv": [0.375, 0, 0, 0], "texture": "#0"}
			}
		},
		{
			"from": [15.41567, 8.4606, 14.25],
			"to": [17.11567, 13.7606, 14.25],
			"rotation": {"angle": 0, "axis": "z", "origin": [15.71567, 10.7606, 13.9]},
			"faces": {
				"north": {"uv": [4.75, 7.5, 4.9375, 8.1875], "texture": "#0"},
				"east": {"uv": [0, 0, 0, 0.6875], "texture": "#0"},
				"south": {"uv": [5, 7.5, 5.1875, 8.1875], "texture": "#0"},
				"west": {"uv": [0, 0, 0, 0.6875], "texture": "#0"},
				"up": {"uv": [0.1875, 0, 0, 0], "texture": "#0"},
				"down": {"uv": [0.1875, 0, 0, 0], "texture": "#0"}
			}
		},
		{
			"from": [0.58433, 7.4606, 14.25],
			"to": [3.48433, 14.7606, 14.25],
			"rotation": {"angle": 0, "axis": "z", "origin": [0.28433, 10.7606, 13.9]},
			"faces": {
				"north": {"uv": [2, 5.25, 2.375, 6.1875], "texture": "#0"},
				"east": {"uv": [0, 0, 0, 0.9375], "texture": "#0"},
				"south": {"uv": [5.25, 2.25, 5.625, 3.1875], "texture": "#0"},
				"west": {"uv": [0, 0, 0, 0.9375], "texture": "#0"},
				"up": {"uv": [0.375, 0, 0, 0], "texture": "#0"},
				"down": {"uv": [0.375, 0, 0, 0], "texture": "#0"}
			}
		},
		{
			"from": [-1.11567, 8.4606, 14.25],
			"to": [0.58433, 13.7606, 14.25],
			"rotation": {"angle": 0, "axis": "z", "origin": [0.28433, 10.7606, 13.9]},
			"faces": {
				"north": {"uv": [7.5, 5, 7.6875, 5.6875], "texture": "#0"},
				"east": {"uv": [0, 0, 0, 0.6875], "texture": "#0"},
				"south": {"uv": [6.125, 7.5, 6.3125, 8.1875], "texture": "#0"},
				"west": {"uv": [0, 0, 0, 0.6875], "texture": "#0"},
				"up": {"uv": [0.1875, 0, 0, 0], "texture": "#0"},
				"down": {"uv": [0.1875, 0, 0, 0], "texture": "#0"}
			}
		},
		{
			"from": [0.58433, 7.4606, 1.75],
			"to": [3.48433, 14.7606, 1.75],
			"rotation": {"angle": 0, "axis": "z", "origin": [0.28433, 10.7606, 2.1]},
			"faces": {
				"north": {"uv": [2.375, 5.25, 2.75, 6.1875], "texture": "#0"},
				"east": {"uv": [0, 0, 0, 0.9375], "texture": "#0"},
				"south": {"uv": [4.25, 5.25, 4.625, 6.1875], "texture": "#0"},
				"west": {"uv": [0, 0, 0, 0.9375], "texture": "#0"},
				"up": {"uv": [0.375, 0, 0, 0], "texture": "#0"},
				"down": {"uv": [0.375, 0, 0, 0], "texture": "#0"}
			}
		},
		{
			"from": [-1.11567, 8.4606, 1.75],
			"to": [0.58433, 13.7606, 1.75],
			"rotation": {"angle": 0, "axis": "z", "origin": [0.28433, 10.7606, 2.1]},
			"faces": {
				"north": {"uv": [6.375, 7.5, 6.5625, 8.1875], "texture": "#0"},
				"east": {"uv": [0, 0, 0, 0.6875], "texture": "#0"},
				"south": {"uv": [6.625, 7.5, 6.8125, 8.1875], "texture": "#0"},
				"west": {"uv": [0, 0, 0, 0.6875], "texture": "#0"},
				"up": {"uv": [0.1875, 0, 0, 0], "texture": "#0"},
				"down": {"uv": [0.1875, 0, 0, 0], "texture": "#0"}
			}
		},
		{
			"from": [5.01567, 7.4606, 14.25],
			"to": [10.91567, 14.7606, 14.25],
			"rotation": {"angle": 0, "axis": "z", "origin": [15.71567, 10.7606, 13.9]},
			"faces": {
				"north": {"uv": [1.25, 4.25, 2, 5.1875], "texture": "#0"},
				"east": {"uv": [0, 0, 0, 0.9375], "texture": "#0"},
				"south": {"uv": [2, 4.25, 2.75, 5.1875], "texture": "#0"},
				"west": {"uv": [0, 0, 0, 0.9375], "texture": "#0"},
				"up": {"uv": [0.75, 0, 0, 0], "texture": "#0"},
				"down": {"uv": [0.75, 0, 0, 0], "texture": "#0"}
			}
		},
		{
			"from": [3.48433, 7.4606, 1.55],
			"to": [5.08433, 14.7606, 3.15],
			"rotation": {"angle": 0, "axis": "z", "origin": [0.28433, 10.7606, 2.1]},
			"faces": {
				"north": {"uv": [6.375, 6.5, 6.5625, 7.4375], "texture": "#0"},
				"east": {"uv": [6.625, 6.5, 6.8125, 7.4375], "texture": "#0"},
				"south": {"uv": [1, 6.75, 1.1875, 7.6875], "texture": "#0"},
				"west": {"uv": [1.25, 6.75, 1.4375, 7.6875], "texture": "#0"},
				"up": {"uv": [5.1875, 8.4375, 5, 8.25], "texture": "#0"},
				"down": {"uv": [8.4375, 5, 8.25, 5.1875], "texture": "#0"}
			}
		},
		{
			"from": [-1.04358, 7.03003, 3.05],
			"to": [-1.04358, 12.83003, 12.95],
			"rotation": {"angle": 22.5, "axis": "z", "origin": [-0.44358, 8.83003, 14]},
			"faces": {
				"north": {"uv": [0, 0, 0, 0.75], "texture": "#0"},
				"east": {"uv": [3, 3, 4.25, 3.75], "texture": "#0"},
				"south": {"uv": [0, 0, 0, 0.75], "texture": "#0"},
				"west": {"uv": [3.5, 2, 4.75, 2.75], "texture": "#0"},
				"up": {"uv": [0, 1.25, 0, 0], "texture": "#0"},
				"down": {"uv": [0, 0, 0, 1.25], "texture": "#0"}
			}
		},
		{
			"from": [17.04358, 7.03003, 3.05],
			"to": [17.04358, 12.83003, 12.95],
			"rotation": {"angle": -22.5, "axis": "z", "origin": [16.44358, 8.83003, 14]},
			"faces": {
				"north": {"uv": [0, 0, 0, 0.75], "texture": "#0"},
				"east": {"uv": [3, 3.75, 4.25, 4.5], "texture": "#0"},
				"south": {"uv": [0, 0, 0, 0.75], "texture": "#0"},
				"west": {"uv": [0, 4, 1.25, 4.75], "texture": "#0"},
				"up": {"uv": [0, 1.25, 0, 0], "texture": "#0"},
				"down": {"uv": [0, 0, 0, 1.25], "texture": "#0"}
			}
		},
		{
			"from": [15.64358, 7.03003, 12.95],
			"to": [17.24358, 12.83003, 14.55],
			"rotation": {"angle": -22.5, "axis": "z", "origin": [16.44358, 8.83003, 14]},
			"faces": {
				"north": {"uv": [7.375, 0, 7.5625, 0.75], "texture": "#0"},
				"east": {"uv": [7.375, 2, 7.5625, 2.75], "texture": "#0"},
				"south": {"uv": [7.375, 3.5, 7.5625, 4.25], "texture": "#0"},
				"west": {"uv": [7.375, 4.25, 7.5625, 5], "texture": "#0"},
				"up": {"uv": [8.3125, 7.4375, 8.125, 7.25], "texture": "#0"},
				"down": {"uv": [7.5625, 8.125, 7.375, 8.3125], "texture": "#0"}
			}
		},
		{
			"from": [15.64358, 7.03003, 1.45],
			"to": [17.24358, 12.83003, 3.05],
			"rotation": {"angle": -22.5, "axis": "z", "origin": [16.44358, 8.83003, 2]},
			"faces": {
				"north": {"uv": [7.375, 6, 7.5625, 6.75], "texture": "#0"},
				"east": {"uv": [7.375, 6.75, 7.5625, 7.5], "texture": "#0"},
				"south": {"uv": [2, 7.5, 2.1875, 8.25], "texture": "#0"},
				"west": {"uv": [7.5, 2.75, 7.6875, 3.5], "texture": "#0"},
				"up": {"uv": [7.8125, 8.3125, 7.625, 8.125], "texture": "#0"},
				"down": {"uv": [8.0625, 8.125, 7.875, 8.3125], "texture": "#0"}
			}
		},
		{
			"from": [15.64358, 11.03003, 3.05],
			"to": [17.24358, 12.83003, 12.95],
			"rotation": {"angle": -22.5, "axis": "z", "origin": [16.44358, 8.83003, 2]},
			"faces": {
				"north": {"uv": [8.125, 0.375, 8.3125, 0.625], "texture": "#0"},
				"east": {"uv": [5.625, 0.25, 6.875, 0.5], "texture": "#0"},
				"south": {"uv": [8.125, 1.25, 8.3125, 1.5], "texture": "#0"},
				"west": {"uv": [5.625, 0.5, 6.875, 0.75], "texture": "#0"},
				"up": {"uv": [4.1875, 7, 4, 5.75], "texture": "#0"},
				"down": {"uv": [4.8125, 5.75, 4.625, 7], "texture": "#0"}
			}
		},
		{
			"from": [10.93433, 14.5606, 2.9],
			"to": [12.53433, 16.3606, 13],
			"rotation": {"angle": 0, "axis": "z", "origin": [11.73433, 9.3606, 1.95]},
			"faces": {
				"north": {"uv": [8.125, 2, 8.3125, 2.25], "texture": "#0"},
				"east": {"uv": [5.625, 2.5, 6.875, 2.75], "texture": "#0"},
				"south": {"uv": [8.125, 2.25, 8.3125, 2.5], "texture": "#0"},
				"west": {"uv": [5.625, 2.75, 6.875, 3], "texture": "#0"},
				"up": {"uv": [6.0625, 7, 5.875, 5.75], "texture": "#0"},
				"down": {"uv": [0.1875, 6, 0, 7.25], "texture": "#0"}
			}
		},
		{
			"from": [3.48433, 14.5606, 2.9],
			"to": [5.08433, 16.3606, 13],
			"rotation": {"angle": 0, "axis": "z", "origin": [4.28433, 9.3606, 1.95]},
			"faces": {
				"north": {"uv": [8.125, 2.5, 8.3125, 2.75], "texture": "#0"},
				"east": {"uv": [5.625, 3, 6.875, 3.25], "texture": "#0"},
				"south": {"uv": [8.125, 3.5, 8.3125, 3.75], "texture": "#0"},
				"west": {"uv": [2.75, 5.75, 4, 6], "texture": "#0"},
				"up": {"uv": [0.4375, 7.25, 0.25, 6], "texture": "#0"},
				"down": {"uv": [0.6875, 6, 0.5, 7.25], "texture": "#0"}
			}
		},
		{
			"from": [-1.24358, 11.03003, 3.05],
			"to": [0.35642, 12.83003, 12.95],
			"rotation": {"angle": 22.5, "axis": "z", "origin": [-0.44358, 8.83003, 2]},
			"faces": {
				"north": {"uv": [8.125, 1.5, 8.3125, 1.75], "texture": "#0"},
				"east": {"uv": [5.625, 0.75, 6.875, 1], "texture": "#0"},
				"south": {"uv": [8.125, 1.75, 8.3125, 2], "texture": "#0"},
				"west": {"uv": [5.625, 2.25, 6.875, 2.5], "texture": "#0"},
				"up": {"uv": [5.5625, 7, 5.375, 5.75], "texture": "#0"},
				"down": {"uv": [5.8125, 5.75, 5.625, 7], "texture": "#0"}
			}
		},
		{
			"from": [-0.3, 0, 12.7],
			"to": [1.3, 6, 14.3],
			"faces": {
				"north": {"uv": [7.125, 2, 7.3125, 2.75], "texture": "#0"},
				"east": {"uv": [7.125, 3.75, 7.3125, 4.5], "texture": "#0"},
				"south": {"uv": [7.125, 4.5, 7.3125, 5.25], "texture": "#0"},
				"west": {"uv": [7.125, 6.5, 7.3125, 7.25], "texture": "#0"},
				"up": {"uv": [8.3125, 4.9375, 8.125, 4.75], "texture": "#0"},
				"down": {"uv": [8.3125, 6, 8.125, 6.1875], "texture": "#0"}
			}
		},
		{
			"from": [14.7, 0, 12.7],
			"to": [16.3, 6, 14.3],
			"rotation": {"angle": 0, "axis": "y", "origin": [16, 0, 0]},
			"faces": {
				"north": {"uv": [5.375, 7, 5.5625, 7.75], "texture": "#0"},
				"east": {"uv": [5.625, 7, 5.8125, 7.75], "texture": "#0"},
				"south": {"uv": [5.875, 7, 6.0625, 7.75], "texture": "#0"},
				"west": {"uv": [7.125, 0.25, 7.3125, 1], "texture": "#0"},
				"up": {"uv": [8.3125, 4.4375, 8.125, 4.25], "texture": "#0"},
				"down": {"uv": [8.3125, 4.5, 8.125, 4.6875], "texture": "#0"}
			}
		},
		{
			"from": [14.7, 0, 1.7],
			"to": [16.3, 6, 3.3],
			"rotation": {"angle": 0, "axis": "y", "origin": [16, 0, 0]},
			"faces": {
				"north": {"uv": [0, 7.25, 0.1875, 8], "texture": "#0"},
				"east": {"uv": [0.25, 7.25, 0.4375, 8], "texture": "#0"},
				"south": {"uv": [0.5, 7.25, 0.6875, 8], "texture": "#0"},
				"west": {"uv": [0.75, 7.25, 0.9375, 8], "texture": "#0"},
				"up": {"uv": [8.3125, 6.4375, 8.125, 6.25], "texture": "#0"},
				"down": {"uv": [8.3125, 6.5, 8.125, 6.6875], "texture": "#0"}
			}
		},
		{
			"from": [1.3, 6, 1.2],
			"to": [14.9, 7.6, 3.3],
			"rotation": {"angle": 0, "axis": "z", "origin": [16.3, 7.3, 0]},
			"faces": {
				"north": {"uv": [5.25, 1, 6.9375, 1.1875], "texture": "#0"},
				"east": {"uv": [4.5, 7.75, 4.75, 7.9375], "texture": "#0"},
				"south": {"uv": [5.25, 3.25, 6.9375, 3.4375], "texture": "#0"},
				"west": {"uv": [5.75, 7.75, 6, 7.9375], "texture": "#0"},
				"up": {"uv": [6.4375, 1.5, 4.75, 1.25], "texture": "#0"},
				"down": {"uv": [6.4375, 1.5, 4.75, 1.75], "texture": "#0"}
			}
		},
		{
			"from": [6.3, 5, 0.95],
			"to": [9.9, 8.6, 2.2],
			"rotation": {"angle": 0, "axis": "z", "origin": [16.3, 7.3, 0]},
			"faces": {
				"north": {"uv": [3.5, 6, 3.9375, 6.4375], "texture": "#0"},
				"east": {"uv": [6.875, 7.5, 7.0625, 7.9375], "texture": "#0"},
				"south": {"uv": [4.875, 6, 5.3125, 6.4375], "texture": "#0"},
				"west": {"uv": [3.875, 7.75, 4.0625, 8.1875], "texture": "#0"},
				"up": {"uv": [2.6875, 8.1875, 2.25, 8], "texture": "#0"},
				"down": {"uv": [3.1875, 8, 2.75, 8.1875], "texture": "#0"}
			}
		},
		{
			"from": [1.3, 6, 12.7],
			"to": [14.9, 7.6, 14.8],
			"rotation": {"angle": 0, "axis": "z", "origin": [16.3, 7.3, 0]},
			"faces": {
				"north": {"uv": [5.25, 3.5, 6.9375, 3.6875], "texture": "#0"},
				"east": {"uv": [4.125, 8, 4.375, 8.1875], "texture": "#0"},
				"south": {"uv": [5.25, 3.75, 6.9375, 3.9375], "texture": "#0"},
				"west": {"uv": [4.375, 8, 4.625, 8.1875], "texture": "#0"},
				"up": {"uv": [6.4375, 2, 4.75, 1.75], "texture": "#0"},
				"down": {"uv": [6.4375, 2, 4.75, 2.25], "texture": "#0"}
			}
		},
		{
			"from": [2.3, 5.75, 13],
			"to": [5.9, 7.85, 15.1],
			"rotation": {"angle": 0, "axis": "z", "origin": [16.3, 7.3, 0]},
			"faces": {
				"north": {"uv": [3.5, 2.75, 3.9375, 3], "texture": "#0"},
				"east": {"uv": [1.25, 4, 1.5, 4.25], "texture": "#0"},
				"south": {"uv": [7.5, 5.75, 7.9375, 6], "texture": "#0"},
				"west": {"uv": [4, 2.75, 4.25, 3], "texture": "#0"},
				"up": {"uv": [7.8125, 7.75, 7.375, 7.5], "texture": "#0"},
				"down": {"uv": [8.0625, 0, 7.625, 0.25], "texture": "#0"}
			}
		},
		{
			"from": [10.3, 5.75, 13],
			"to": [13.9, 7.85, 15.1],
			"rotation": {"angle": 0, "axis": "z", "origin": [16.3, 7.3, 0]},
			"faces": {
				"north": {"uv": [7.625, 0.25, 8.0625, 0.5], "texture": "#0"},
				"east": {"uv": [2.75, 4.25, 3, 4.5], "texture": "#0"},
				"south": {"uv": [7.625, 0.5, 8.0625, 0.75], "texture": "#0"},
				"west": {"uv": [6.5, 2, 6.75, 2.25], "texture": "#0"},
				"up": {"uv": [8.0625, 1.5, 7.625, 1.25], "texture": "#0"},
				"down": {"uv": [8.0625, 1.5, 7.625, 1.75], "texture": "#0"}
			}
		},
		{
			"from": [14.7, 6, 1.2],
			"to": [16.8, 7.6, 14.8],
			"rotation": {"angle": 0, "axis": "z", "origin": [16.3, 7.3, 0]},
			"faces": {
				"north": {"uv": [5.25, 8, 5.5, 8.1875], "texture": "#0"},
				"east": {"uv": [5.375, 5, 7.0625, 5.1875], "texture": "#0"},
				"south": {"uv": [5.5, 8, 5.75, 8.1875], "texture": "#0"},
				"west": {"uv": [5.375, 5.25, 7.0625, 5.4375], "texture": "#0"},
				"up": {"uv": [1.25, 6.4375, 1, 4.75], "texture": "#0"},
				"down": {"uv": [5, 2.25, 4.75, 3.9375], "texture": "#0"}
			}
		},
		{
			"from": [-0.8, 6, 1.2],
			"to": [1.3, 7.6, 14.8],
			"rotation": {"angle": 0, "axis": "z", "origin": [-0.3, 7.3, 0]},
			"faces": {
				"north": {"uv": [5.75, 8, 6, 8.1875], "texture": "#0"},
				"east": {"uv": [5.375, 5.5, 7.0625, 5.6875], "texture": "#0"},
				"south": {"uv": [8.125, 0.125, 8.375, 0.3125], "texture": "#0"},
				"west": {"uv": [5.625, 0, 7.3125, 0.1875], "texture": "#0"},
				"up": {"uv": [5, 5.6875, 4.75, 4], "texture": "#0"},
				"down": {"uv": [5.25, 2.25, 5, 3.9375], "texture": "#0"}
			}
		},
		{
			"from": [-0.3, 0, 3.3],
			"to": [1.3, 0.6, 12.7],
			"rotation": {"angle": 0, "axis": "z", "origin": [-0.3, 7.3, 0]},
			"faces": {
				"north": {"uv": [8.375, 0.5, 8.5625, 0.5625], "texture": "#0"},
				"east": {"uv": [6.875, 8, 8.0625, 8.0625], "texture": "#0"},
				"south": {"uv": [8.375, 0.625, 8.5625, 0.6875], "texture": "#0"},
				"west": {"uv": [8.125, 0, 9.3125, 0.0625], "texture": "#0"},
				"up": {"uv": [3.1875, 7.1875, 3, 6], "texture": "#0"},
				"down": {"uv": [3.4375, 6, 3.25, 7.1875], "texture": "#0"}
			}
		},
		{
			"from": [-0.3, 0, 12.7],
			"to": [16.3, 0.6, 14.3],
			"rotation": {"angle": 0, "axis": "z", "origin": [16.3, 7.3, 0]},
			"faces": {
				"north": {"uv": [7.375, 0.75, 9.4375, 0.8125], "texture": "#0"},
				"east": {"uv": [8.375, 0.25, 8.5625, 0.3125], "texture": "#0"},
				"south": {"uv": [7.375, 0.875, 9.4375, 0.9375], "texture": "#0"},
				"west": {"uv": [8.375, 0.375, 8.5625, 0.4375], "texture": "#0"},
				"up": {"uv": [7.0625, 4.6875, 5, 4.5], "texture": "#0"},
				"down": {"uv": [7.0625, 4.75, 5, 4.9375], "texture": "#0"}
			}
		},
		{
			"from": [14.7, 0, 3.3],
			"to": [16.3, 0.6, 12.7],
			"rotation": {"angle": 0, "axis": "z", "origin": [16.3, 7.3, 0]},
			"faces": {
				"north": {"uv": [8.125, 8.25, 8.3125, 8.3125], "texture": "#0"},
				"east": {"uv": [8, 5.75, 9.1875, 5.8125], "texture": "#0"},
				"south": {"uv": [8.375, 0.125, 8.5625, 0.1875], "texture": "#0"},
				"west": {"uv": [8, 5.875, 9.1875, 5.9375], "texture": "#0"},
				"up": {"uv": [0.9375, 7.1875, 0.75, 6], "texture": "#0"},
				"down": {"uv": [2.9375, 6, 2.75, 7.1875], "texture": "#0"}
			}
		},
		{
			"from": [-0.3, 0, 1.7],
			"to": [16.3, 0.6, 3.3],
			"rotation": {"angle": 0, "axis": "z", "origin": [16.3, 7.3, 0]},
			"faces": {
				"north": {"uv": [7, 1, 9.0625, 1.0625], "texture": "#0"},
				"east": {"uv": [6.375, 8.25, 6.5625, 8.3125], "texture": "#0"},
				"south": {"uv": [7, 1.125, 9.0625, 1.1875], "texture": "#0"},
				"west": {"uv": [6.625, 8.25, 6.8125, 8.3125], "texture": "#0"},
				"up": {"uv": [7.0625, 4.1875, 5, 4], "texture": "#0"},
				"down": {"uv": [7.0625, 4.25, 5, 4.4375], "texture": "#0"}
			}
		},
		{
			"from": [-0.9166, -0.81528, 6.475],
			"to": [-0.3066, 1.62472, 7.085],
			"rotation": {"angle": -22.5, "axis": "z", "origin": [6.5134, 0.87472, 6.475]},
			"faces": {
				"north": {"uv": [4.625, 5.25, 4.6875, 5.5625], "texture": "#0"},
				"east": {"uv": [2.625, 6.25, 2.6875, 6.5625], "texture": "#0"},
				"south": {"uv": [4.5, 6.25, 4.5625, 6.5625], "texture": "#0"},
				"west": {"uv": [2.625, 6.625, 2.6875, 6.9375], "texture": "#0"},
				"up": {"uv": [4.6875, 5.6875, 4.625, 5.625], "texture": "#0"},
				"down": {"uv": [7.0625, 3.75, 7, 3.8125], "texture": "#0"}
			}
		},
		{
			"from": [-0.9166, -0.81528, 8.915],
			"to": [-0.3066, 1.62472, 9.525],
			"rotation": {"angle": -22.5, "axis": "z", "origin": [6.5134, 0.87472, 6.475]},
			"faces": {
				"north": {"uv": [4.5, 6.625, 4.5625, 6.9375], "texture": "#0"},
				"east": {"uv": [2, 6.75, 2.0625, 7.0625], "texture": "#0"},
				"south": {"uv": [4.75, 7, 4.8125, 7.3125], "texture": "#0"},
				"west": {"uv": [2, 7.125, 2.0625, 7.4375], "texture": "#0"},
				"up": {"uv": [7.1875, 2.9375, 7.125, 2.875], "texture": "#0"},
				"down": {"uv": [7.1875, 5.625, 7.125, 5.6875], "texture": "#0"}
			}
		},
		{
			"from": [-0.9166, -0.81528, 7.085],
			"to": [-0.3066, -0.20528, 8.915],
			"rotation": {"angle": -22.5, "axis": "z", "origin": [6.5134, 0.87472, 6.475]},
			"faces": {
				"north": {"uv": [7, 3.875, 7.0625, 3.9375], "texture": "#0"},
				"east": {"uv": [8.125, 0.625, 8.375, 0.6875], "texture": "#0"},
				"south": {"uv": [7.125, 2.75, 7.1875, 2.8125], "texture": "#0"},
				"west": {"uv": [8.25, 5.5, 8.5, 5.5625], "texture": "#0"},
				"up": {"uv": [4.9375, 6, 4.875, 5.75], "texture": "#0"},
				"down": {"uv": [6.8125, 2, 6.75, 2.25], "texture": "#0"}
			}
		},
		{
			"from": [16.3066, -0.81528, 6.475],
			"to": [16.9166, 1.62472, 7.085],
			"rotation": {"angle": 22.5, "axis": "z", "origin": [9.4866, 0.87472, 6.475]},
			"faces": {
				"north": {"uv": [6, 8.125, 6.0625, 8.4375], "texture": "#0"},
				"east": {"uv": [5.5, 8.25, 5.5625, 8.5625], "texture": "#0"},
				"south": {"uv": [5.625, 8.25, 5.6875, 8.5625], "texture": "#0"},
				"west": {"uv": [5.75, 8.25, 5.8125, 8.5625], "texture": "#0"},
				"up": {"uv": [3.4375, 7.4375, 3.375, 7.375], "texture": "#0"},
				"down": {"uv": [4.8125, 7.375, 4.75, 7.4375], "texture": "#0"}
			}
		},
		{
			"from": [16.3066, -0.81528, 7.085],
			"to": [16.9166, -0.20528, 8.915],
			"rotation": {"angle": 22.5, "axis": "z", "origin": [9.4866, 0.87472, 6.475]},
			"faces": {
				"north": {"uv": [7.25, 3.625, 7.3125, 3.6875], "texture": "#0"},
				"east": {"uv": [8.25, 5.625, 8.5, 5.6875], "texture": "#0"},
				"south": {"uv": [7.25, 6.375, 7.3125, 6.4375], "texture": "#0"},
				"west": {"uv": [6.125, 8.25, 6.375, 8.3125], "texture": "#0"},
				"up": {"uv": [6.9375, 3.25, 6.875, 3], "texture": "#0"},
				"down": {"uv": [2.6875, 7, 2.625, 7.25], "texture": "#0"}
			}
		},
		{
			"from": [16.3066, -0.81528, 8.915],
			"to": [16.9166, 1.62472, 9.525],
			"rotation": {"angle": 22.5, "axis": "z", "origin": [9.4866, 0.87472, 6.475]},
			"faces": {
				"north": {"uv": [7.125, 5.25, 7.1875, 5.5625], "texture": "#0"},
				"east": {"uv": [7.25, 6, 7.3125, 6.3125], "texture": "#0"},
				"south": {"uv": [2.25, 7.5, 2.3125, 7.8125], "texture": "#0"},
				"west": {"uv": [6, 7.75, 6.0625, 8.0625], "texture": "#0"},
				"up": {"uv": [3.4375, 7.3125, 3.375, 7.25], "texture": "#0"},
				"down": {"uv": [7.3125, 3.5, 7.25, 3.5625], "texture": "#0"}
			}
		}
	],
	"gui_light": "front",
	"display": {
		"thirdperson_righthand": {
			"rotation": [75, 45, 0],
			"translation": [0, 2.5, 0],
			"scale": [0.375, 0.375, 0.375]
		},
		"thirdperson_lefthand": {
			"rotation": [75, 45, 0],
			"translation": [0, 2.5, 0],
			"scale": [0.375, 0.375, 0.375]
		},
		"firstperson_righthand": {
			"rotation": [0, 111, 0],
			"translation": [0, 2.75, 0],
			"scale": [0.4, 0.4, 0.4]
		},
		"firstperson_lefthand": {
			"rotation": [0, 111, 0],
			"translation": [0, 2.75, 0],
			"scale": [0.4, 0.4, 0.4]
		},
		"ground": {
			"translation": [0, 0.25, 0],
			"scale": [0.32, 0.32, 0.32]
		},
		"gui": {
			"rotation": [30, 225, 0],
			"scale": [0.625, 0.625, 0.625]
		},
		"head": {
			"translation": [0, 2.5, 0],
			"scale": [1.21, 1.21, 1.21]
		},
		"fixed": {
			"rotation": [-90, 0, 0],
			"translation": [0, 0, -18.75],
			"scale": [2.55, 2.55, 2.55]
		}
	}
}