{
	"credit": "Made by Aiden (feignedmars4438 on discord)",
	"texture_size": [512, 512],
	"textures": {
		"particle": "item/crates/season1/crate_wood"
	},
	"elements": [
		{
			"from": [0.5, 9, 1.75],
			"to": [15.5, 12, 1.75],
			"rotation": {"angle": 0, "axis": "y", "origin": [15, 0, 0.25]},
			"faces": {
				"north": {"uv": [0, 0, 0.46875, 0.09375], "texture": "#missing"},
				"east": {"uv": [0, 0, 0, 0.09375], "texture": "#missing"},
				"south": {"uv": [0, 0, 0.46875, 0.09375], "texture": "#missing"},
				"west": {"uv": [0, 0, 0, 0.09375], "texture": "#missing"},
				"up": {"uv": [0, 0, 0.46875, 0], "texture": "#missing"},
				"down": {"uv": [0, 0, 0.46875, 0], "texture": "#missing"}
			}
		},
		{
			"from": [0.5, 9, 14.25],
			"to": [15.5, 12, 14.25],
			"rotation": {"angle": 0, "axis": "y", "origin": [15, 0, 15.75]},
			"faces": {
				"north": {"uv": [0.46875, 0, 0, 0.09375], "texture": "#missing"},
				"east": {"uv": [0, 0, 0, 0.09375], "texture": "#missing"},
				"south": {"uv": [0.46875, 0, 0, 0.09375], "texture": "#missing"},
				"west": {"uv": [0, 0, 0, 0.09375], "texture": "#missing"},
				"up": {"uv": [0, 0, 0.46875, 0], "texture": "#missing"},
				"down": {"uv": [0, 0, 0.46875, 0], "texture": "#missing"}
			}
		},
		{
			"from": [0.5, 15.6967, 20.17462],
			"to": [15.5, 20.9967, 20.17462],
			"rotation": {"angle": -45, "axis": "x", "origin": [15, 6.6967, 21.67462]},
			"faces": {
				"north": {"uv": [0.46875, 0, 0, 0.16563], "texture": "#missing"},
				"east": {"uv": [0, 0, 0, 0.16563], "texture": "#missing"},
				"south": {"uv": [0.46875, 0, 0, 0.16563], "texture": "#missing"},
				"west": {"uv": [0, 0, 0, 0.16563], "texture": "#missing"},
				"up": {"uv": [0, 0, 0.46875, 0], "texture": "#missing"},
				"down": {"uv": [0, 0, 0.46875, 0], "texture": "#missing"}
			}
		},
		{
			"from": [0.5, 15.6967, -4.17462],
			"to": [15.5, 20.9967, -4.17462],
			"rotation": {"angle": 45, "axis": "x", "origin": [15, 6.6967, -5.67462]},
			"faces": {
				"north": {"uv": [0, 0, 0.46875, 0.16563], "texture": "#missing"},
				"east": {"uv": [0, 0, 0, 0.16563], "texture": "#missing"},
				"south": {"uv": [0, 0, 0.46875, 0.16563], "texture": "#missing"},
				"west": {"uv": [0, 0, 0, 0.16563], "texture": "#missing"},
				"up": {"uv": [0, 0, 0.46875, 0], "texture": "#missing"},
				"down": {"uv": [0, 0, 0.46875, 0], "texture": "#missing"}
			}
		},
		{
			"from": [0.5, 15.74667, 5.49767],
			"to": [15.5, 15.74667, 10.52267],
			"rotation": {"angle": 0, "axis": "x", "origin": [8, 15.74667, 8.14767]},
			"faces": {
				"north": {"uv": [0, 0, 0.46875, 0], "rotation": 180, "texture": "#missing"},
				"east": {"uv": [0, 0, 0, 0.15703], "rotation": 270, "texture": "#missing"},
				"south": {"uv": [0, 0, 0.46875, 0], "texture": "#missing"},
				"west": {"uv": [0, 0, 0, 0.15703], "rotation": 90, "texture": "#missing"},
				"up": {"uv": [0, 0, 0.46875, 0.15703], "rotation": 180, "texture": "#missing"},
				"down": {"uv": [0, 0, 0.46875, 0.15703], "texture": "#missing"}
			}
		},
		{
			"from": [-0.5, 0.1, 1.75],
			"to": [16.5, 0.1, 14.275],
			"rotation": {"angle": 0, "axis": "x", "origin": [8.5, 16, 4.4]},
			"faces": {
				"north": {"uv": [0, 0, 0.46875, 0], "rotation": 180, "texture": "#missing"},
				"east": {"uv": [0, 0, 0, 0.15703], "rotation": 270, "texture": "#missing"},
				"south": {"uv": [0, 0, 0.46875, 0], "texture": "#missing"},
				"west": {"uv": [0, 0, 0, 0.15703], "rotation": 90, "texture": "#missing"},
				"up": {"uv": [0, 0, 0.46875, 0.15703], "rotation": 180, "texture": "#missing"},
				"down": {"uv": [0, 0, 0.46875, 0.15703], "texture": "#missing"}
			}
		},
		{
			"from": [-1.5, 3, 0.75],
			"to": [0.5, 7, 2.75],
			"rotation": {"angle": 0, "axis": "y", "origin": [-2, 0, 0.25]},
			"faces": {
				"north": {"uv": [0.09375, 1.15625, 0.15625, 1.28125], "texture": "#missing"},
				"east": {"uv": [0.3125, 1.15625, 0.375, 1.28125], "texture": "#missing"},
				"south": {"uv": [0.375, 1.15625, 0.4375, 1.28125], "texture": "#missing"},
				"west": {"uv": [0.4375, 1.15625, 0.5, 1.28125], "texture": "#missing"},
				"up": {"uv": [0.375, 0.9375, 0.3125, 0.875], "texture": "#missing"},
				"down": {"uv": [0.5625, 0.96875, 0.5, 1.03125], "texture": "#missing"}
			}
		},
		{
			"from": [-2, 0, 0.25],
			"to": [1, 3, 3.25],
			"rotation": {"angle": 0, "axis": "y", "origin": [-2, 0, 0.25]},
			"faces": {
				"north": {"uv": [0.875, 0.65625, 0.96875, 0.75], "texture": "#missing"},
				"east": {"uv": [0.875, 0.75, 0.96875, 0.84375], "texture": "#missing"},
				"south": {"uv": [0.875, 0.84375, 0.96875, 0.9375], "texture": "#missing"},
				"west": {"uv": [0.9375, 0, 1.03125, 0.09375], "texture": "#missing"},
				"up": {"uv": [1.03125, 0.1875, 0.9375, 0.09375], "texture": "#missing"},
				"down": {"uv": [1.03125, 0.1875, 0.9375, 0.28125], "texture": "#missing"}
			}
		},
		{
			"from": [1, 0, 0.75],
			"to": [7, 1, 1.75],
			"rotation": {"angle": 0, "axis": "y", "origin": [-2, 0, 0.25]},
			"faces": {
				"north": {"uv": [0.625, 0.59375, 0.8125, 0.625], "texture": "#missing"},
				"east": {"uv": [0.3125, 0.9375, 0.34375, 0.96875], "texture": "#missing"},
				"south": {"uv": [1, 0.375, 1.1875, 0.40625], "texture": "#missing"},
				"west": {"uv": [0.34375, 0.9375, 0.375, 0.96875], "texture": "#missing"},
				"up": {"uv": [1.1875, 0.4375, 1, 0.40625], "texture": "#missing"},
				"down": {"uv": [1.375, 0.625, 1.1875, 0.65625], "texture": "#missing"}
			}
		},
		{
			"from": [7, 0, 0.25],
			"to": [9, 2, 2.25],
			"rotation": {"angle": 0, "axis": "y", "origin": [-2, 0, 0.25]},
			"faces": {
				"north": {"uv": [0.8125, 0.96875, 0.875, 1.03125], "texture": "#missing"},
				"east": {"uv": [1.25, 1.25, 1.3125, 1.3125], "texture": "#missing"},
				"south": {"uv": [1.28125, 0, 1.34375, 0.0625], "texture": "#missing"},
				"west": {"uv": [1.28125, 0.0625, 1.34375, 0.125], "texture": "#missing"},
				"up": {"uv": [0.15625, 1.34375, 0.09375, 1.28125], "texture": "#missing"},
				"down": {"uv": [1.34375, 0.125, 1.28125, 0.1875], "texture": "#missing"}
			}
		},
		{
			"from": [9, 0, 0.75],
			"to": [15, 1, 1.75],
			"rotation": {"angle": 0, "axis": "y", "origin": [-2, 0, 0.25]},
			"faces": {
				"north": {"uv": [0.5, 1.21875, 0.6875, 1.25], "texture": "#missing"},
				"east": {"uv": [0.15625, 1.15625, 0.1875, 1.1875], "texture": "#missing"},
				"south": {"uv": [1.21875, 0.65625, 1.40625, 0.6875], "texture": "#missing"},
				"west": {"uv": [1.375, 0.625, 1.40625, 0.65625], "texture": "#missing"},
				"up": {"uv": [0.875, 1.25, 0.6875, 1.21875], "texture": "#missing"},
				"down": {"uv": [1.40625, 0.6875, 1.21875, 0.71875], "texture": "#missing"}
			}
		},
		{
			"from": [15, 0, 0.25],
			"to": [18, 3, 3.25],
			"rotation": {"angle": 0, "axis": "y", "origin": [-2, 0, 0.25]},
			"faces": {
				"north": {"uv": [0.9375, 0.28125, 1.03125, 0.375], "texture": "#missing"},
				"east": {"uv": [0.5625, 0.9375, 0.65625, 1.03125], "texture": "#missing"},
				"south": {"uv": [0.875, 0.9375, 0.96875, 1.03125], "texture": "#missing"},
				"west": {"uv": [0, 0.96875, 0.09375, 1.0625], "texture": "#missing"},
				"up": {"uv": [0.40625, 1.0625, 0.3125, 0.96875], "texture": "#missing"},
				"down": {"uv": [0.5, 0.96875, 0.40625, 1.0625], "texture": "#missing"}
			}
		},
		{
			"from": [15.5, 3, 0.75],
			"to": [17.5, 7, 2.75],
			"rotation": {"angle": 0, "axis": "y", "origin": [14, 0, 0.25]},
			"faces": {
				"north": {"uv": [1.15625, 0.65625, 1.21875, 0.78125], "texture": "#missing"},
				"east": {"uv": [1.15625, 0.78125, 1.21875, 0.90625], "texture": "#missing"},
				"south": {"uv": [1.15625, 0.90625, 1.21875, 1.03125], "texture": "#missing"},
				"west": {"uv": [1.15625, 1.03125, 1.21875, 1.15625], "texture": "#missing"},
				"up": {"uv": [1.34375, 0.25, 1.28125, 0.1875], "texture": "#missing"},
				"down": {"uv": [1.34375, 0.25, 1.28125, 0.3125], "texture": "#missing"}
			}
		},
		{
			"from": [1, 7, 0.75],
			"to": [15, 9, 3.25],
			"rotation": {"angle": 0, "axis": "y", "origin": [-2, 0, 0.25]},
			"faces": {
				"north": {"uv": [0.375, 0.375, 0.8125, 0.4375], "texture": "#missing"},
				"east": {"uv": [1.21875, 0.71875, 1.3125, 0.78125], "texture": "#missing"},
				"south": {"uv": [0.4375, 0, 0.875, 0.0625], "texture": "#missing"},
				"west": {"uv": [1.21875, 0.78125, 1.3125, 0.84375], "texture": "#missing"},
				"up": {"uv": [0.4375, 0.09375, 0, 0], "texture": "#missing"},
				"down": {"uv": [0.4375, 0.09375, 0, 0.1875], "texture": "#missing"}
			}
		},
		{
			"from": [6, 6.25, 0.25],
			"to": [10, 10.25, 3.25],
			"rotation": {"angle": 0, "axis": "y", "origin": [-2, 0, 0.25]},
			"faces": {
				"north": {"uv": [0.375, 0.5, 0.5, 0.625], "texture": "#missing"},
				"east": {"uv": [0.375, 0.65625, 0.46875, 0.78125], "texture": "#missing"},
				"south": {"uv": [0.5, 0.5, 0.625, 0.625], "texture": "#missing"},
				"west": {"uv": [0.46875, 0.65625, 0.5625, 0.78125], "texture": "#missing"},
				"up": {"uv": [0.6875, 0.75, 0.5625, 0.65625], "texture": "#missing"},
				"down": {"uv": [0.125, 0.6875, 0, 0.78125], "texture": "#missing"}
			}
		},
		{
			"from": [-2, 7, 0.25],
			"to": [1, 10, 3.25],
			"rotation": {"angle": 0, "axis": "y", "origin": [-2, 0, 0.25]},
			"faces": {
				"north": {"uv": [0.96875, 0.65625, 1.0625, 0.75], "texture": "#missing"},
				"east": {"uv": [0.96875, 0.75, 1.0625, 0.84375], "texture": "#missing"},
				"south": {"uv": [0.96875, 0.84375, 1.0625, 0.9375], "texture": "#missing"},
				"west": {"uv": [0.96875, 0.9375, 1.0625, 1.03125], "texture": "#missing"},
				"up": {"uv": [1.125, 0.09375, 1.03125, 0], "texture": "#missing"},
				"down": {"uv": [1.125, 0.09375, 1.03125, 0.1875], "texture": "#missing"}
			}
		},
		{
			"from": [-1.5, 7, 3.25],
			"to": [1, 9, 12.75],
			"rotation": {"angle": 0, "axis": "y", "origin": [-2, 0, 0.25]},
			"faces": {
				"north": {"uv": [1.21875, 0.84375, 1.3125, 0.90625], "texture": "#missing"},
				"east": {"uv": [0.4375, 0.1875, 0.75, 0.25], "texture": "#missing"},
				"south": {"uv": [0.875, 1.21875, 0.96875, 1.28125], "texture": "#missing"},
				"west": {"uv": [0.4375, 0.25, 0.75, 0.3125], "texture": "#missing"},
				"up": {"uv": [0.09375, 0.6875, 0, 0.375], "texture": "#missing"},
				"down": {"uv": [0.1875, 0.375, 0.09375, 0.6875], "texture": "#missing"}
			}
		},
		{
			"from": [-1.5, 0, 3.25],
			"to": [-0.5, 1, 12.75],
			"rotation": {"angle": 0, "axis": "y", "origin": [-2, 0, 0.25]},
			"faces": {
				"north": {"uv": [1.375, 0.84375, 1.40625, 0.875], "texture": "#missing"},
				"east": {"uv": [0.875, 0.4375, 1.1875, 0.46875], "texture": "#missing"},
				"south": {"uv": [1.375, 0.875, 1.40625, 0.90625], "texture": "#missing"},
				"west": {"uv": [0.875, 0.46875, 1.1875, 0.5], "texture": "#missing"},
				"up": {"uv": [0.21875, 1.1875, 0.1875, 0.875], "texture": "#missing"},
				"down": {"uv": [0.25, 0.875, 0.21875, 1.1875], "texture": "#missing"}
			}
		},
		{
			"from": [-2, 0, 12.75],
			"to": [1, 3, 15.75],
			"rotation": {"angle": 0, "axis": "y", "origin": [-2, 0, 0.25]},
			"faces": {
				"north": {"uv": [1.03125, 0.1875, 1.125, 0.28125], "texture": "#missing"},
				"east": {"uv": [1.03125, 0.28125, 1.125, 0.375], "texture": "#missing"},
				"south": {"uv": [0.5, 1.03125, 0.59375, 1.125], "texture": "#missing"},
				"west": {"uv": [0.59375, 1.03125, 0.6875, 1.125], "texture": "#missing"},
				"up": {"uv": [0.78125, 1.125, 0.6875, 1.03125], "texture": "#missing"},
				"down": {"uv": [0.875, 1.03125, 0.78125, 1.125], "texture": "#missing"}
			}
		},
		{
			"from": [-1.5, 3, 13.25],
			"to": [0.5, 7, 15.25],
			"rotation": {"angle": 0, "axis": "y", "origin": [-2, 0, 0.25]},
			"faces": {
				"north": {"uv": [1.15625, 1.15625, 1.21875, 1.28125], "texture": "#missing"},
				"east": {"uv": [0.15625, 1.1875, 0.21875, 1.3125], "texture": "#missing"},
				"south": {"uv": [0.21875, 1.1875, 0.28125, 1.3125], "texture": "#missing"},
				"west": {"uv": [1.1875, 0.375, 1.25, 0.5], "texture": "#missing"},
				"up": {"uv": [0.375, 1.34375, 0.3125, 1.28125], "texture": "#missing"},
				"down": {"uv": [1.34375, 0.3125, 1.28125, 0.375], "texture": "#missing"}
			}
		},
		{
			"from": [1, 7, 12.75],
			"to": [15, 9, 15.25],
			"rotation": {"angle": 0, "axis": "y", "origin": [-2, 0, 0.25]},
			"faces": {
				"north": {"uv": [0.4375, 0.0625, 0.875, 0.125], "texture": "#missing"},
				"east": {"uv": [1.21875, 0.90625, 1.3125, 0.96875], "texture": "#missing"},
				"south": {"uv": [0.4375, 0.125, 0.875, 0.1875], "texture": "#missing"},
				"west": {"uv": [0.96875, 1.21875, 1.0625, 1.28125], "texture": "#missing"},
				"up": {"uv": [0.4375, 0.28125, 0, 0.1875], "texture": "#missing"},
				"down": {"uv": [0.4375, 0.28125, 0, 0.375], "texture": "#missing"}
			}
		},
		{
			"from": [1, 0, 14.25],
			"to": [15, 1, 15.25],
			"rotation": {"angle": 0, "axis": "y", "origin": [-2, 0, 0.25]},
			"faces": {
				"north": {"uv": [0.375, 0.625, 0.8125, 0.65625], "texture": "#missing"},
				"east": {"uv": [1.375, 0.90625, 1.40625, 0.9375], "texture": "#missing"},
				"south": {"uv": [0.625, 0.5, 1.0625, 0.53125], "texture": "#missing"},
				"west": {"uv": [1.375, 0.9375, 1.40625, 0.96875], "texture": "#missing"},
				"up": {"uv": [1.0625, 0.5625, 0.625, 0.53125], "texture": "#missing"},
				"down": {"uv": [1.0625, 0.5625, 0.625, 0.59375], "texture": "#missing"}
			}
		},
		{
			"from": [15, 0, 12.75],
			"to": [18, 3, 15.75],
			"rotation": {"angle": 0, "axis": "y", "origin": [18, 0, 0.25]},
			"faces": {
				"north": {"uv": [0.875, 1.03125, 0.96875, 1.125], "texture": "#missing"},
				"east": {"uv": [0.96875, 1.03125, 1.0625, 1.125], "texture": "#missing"},
				"south": {"uv": [0, 1.0625, 0.09375, 1.15625], "texture": "#missing"},
				"west": {"uv": [0.09375, 1.0625, 0.1875, 1.15625], "texture": "#missing"},
				"up": {"uv": [0.40625, 1.15625, 0.3125, 1.0625], "texture": "#missing"},
				"down": {"uv": [0.5, 1.0625, 0.40625, 1.15625], "texture": "#missing"}
			}
		},
		{
			"from": [15.5, 3, 13.25],
			"to": [17.5, 7, 15.25],
			"rotation": {"angle": 0, "axis": "y", "origin": [14, 0, 0.25]},
			"faces": {
				"north": {"uv": [1.1875, 0.5, 1.25, 0.625], "texture": "#missing"},
				"east": {"uv": [1.21875, 0, 1.28125, 0.125], "texture": "#missing"},
				"south": {"uv": [1.21875, 0.125, 1.28125, 0.25], "texture": "#missing"},
				"west": {"uv": [1.21875, 0.25, 1.28125, 0.375], "texture": "#missing"},
				"up": {"uv": [0.4375, 1.34375, 0.375, 1.28125], "texture": "#missing"},
				"down": {"uv": [0.5, 1.28125, 0.4375, 1.34375], "texture": "#missing"}
			}
		},
		{
			"from": [8.55, 9, 14.23528],
			"to": [9.55, 12, 15.23528],
			"rotation": {"angle": 0, "axis": "y", "origin": [14.55, 20.5, 3.73528]},
			"faces": {
				"north": {"uv": [0.65625, 0.9375, 0.6875, 1.03125], "texture": "#missing"},
				"east": {"uv": [0.09375, 0.96875, 0.125, 1.0625], "texture": "#missing"},
				"south": {"uv": [1.15625, 0.5, 1.1875, 0.59375], "texture": "#missing"},
				"west": {"uv": [1, 1.34375, 1.03125, 1.4375], "texture": "#missing"},
				"up": {"uv": [1.40625, 1.0625, 1.375, 1.03125], "texture": "#missing"},
				"down": {"uv": [1.40625, 1.0625, 1.375, 1.09375], "texture": "#missing"}
			}
		},
		{
			"from": [6.4, 9, 14.23528],
			"to": [7.4, 12, 15.23528],
			"rotation": {"angle": 0, "axis": "y", "origin": [12.4, 20.5, 3.73528]},
			"faces": {
				"north": {"uv": [1.03125, 1.34375, 1.0625, 1.4375], "texture": "#missing"},
				"east": {"uv": [1.34375, 1.03125, 1.375, 1.125], "texture": "#missing"},
				"south": {"uv": [1.34375, 1.125, 1.375, 1.21875], "texture": "#missing"},
				"west": {"uv": [1.15625, 1.34375, 1.1875, 1.4375], "texture": "#missing"},
				"up": {"uv": [1.40625, 1.125, 1.375, 1.09375], "texture": "#missing"},
				"down": {"uv": [1.40625, 1.125, 1.375, 1.15625], "texture": "#missing"}
			}
		},
		{
			"from": [6.425, 9.31282, 4.8085],
			"to": [7.375, 10.31282, 10.8085],
			"rotation": {"angle": 45, "axis": "x", "origin": [12.4, 5.81282, 15.0585]},
			"faces": {
				"north": {"uv": [1.375, 1.15625, 1.40625, 1.1875], "texture": "#missing"},
				"east": {"uv": [1.21875, 0.96875, 1.40625, 1], "texture": "#missing"},
				"south": {"uv": [1.375, 1.1875, 1.40625, 1.21875], "texture": "#missing"},
				"west": {"uv": [1.21875, 1, 1.40625, 1.03125], "texture": "#missing"},
				"up": {"uv": [0.3125, 1.375, 0.28125, 1.1875], "texture": "#missing"},
				"down": {"uv": [1.25, 1.03125, 1.21875, 1.21875], "texture": "#missing"}
			}
		},
		{
			"from": [8.575, 9.31282, 4.8085],
			"to": [9.525, 10.31282, 10.8085],
			"rotation": {"angle": 45, "axis": "x", "origin": [14.55, 5.81282, 15.0585]},
			"faces": {
				"north": {"uv": [1.25, 1.375, 1.28125, 1.40625], "texture": "#missing"},
				"east": {"uv": [1.21875, 1.21875, 1.40625, 1.25], "texture": "#missing"},
				"south": {"uv": [1.375, 1.25, 1.40625, 1.28125], "texture": "#missing"},
				"west": {"uv": [1.25, 0.375, 1.4375, 0.40625], "texture": "#missing"},
				"up": {"uv": [1.09375, 1.40625, 1.0625, 1.21875], "texture": "#missing"},
				"down": {"uv": [1.125, 1.21875, 1.09375, 1.40625], "texture": "#missing"}
			}
		},
		{
			"from": [8.55, 15.24264, 4.99264],
			"to": [9.55, 16.24264, 10.99264],
			"rotation": {"angle": 0, "axis": "x", "origin": [14.55, 11.74264, 15.24264]},
			"faces": {
				"north": {"uv": [1.28125, 1.375, 1.3125, 1.40625], "texture": "#missing"},
				"east": {"uv": [1.25, 0.40625, 1.4375, 0.4375], "texture": "#missing"},
				"south": {"uv": [1.375, 1.28125, 1.40625, 1.3125], "texture": "#missing"},
				"west": {"uv": [1.25, 0.4375, 1.4375, 0.46875], "texture": "#missing"},
				"up": {"uv": [1.15625, 1.40625, 1.125, 1.21875], "texture": "#missing"},
				"down": {"uv": [0.03125, 1.25, 0, 1.4375], "texture": "#missing"}
			}
		},
		{
			"from": [6.4, 15.24264, 4.99264],
			"to": [7.4, 16.24264, 10.99264],
			"rotation": {"angle": 0, "axis": "x", "origin": [12.4, 11.74264, 15.24264]},
			"faces": {
				"north": {"uv": [1.3125, 1.375, 1.34375, 1.40625], "texture": "#missing"},
				"east": {"uv": [1.25, 0.46875, 1.4375, 0.5], "texture": "#missing"},
				"south": {"uv": [1.375, 1.3125, 1.40625, 1.34375], "texture": "#missing"},
				"west": {"uv": [0.5, 1.25, 0.6875, 1.28125], "texture": "#missing"},
				"up": {"uv": [0.0625, 1.4375, 0.03125, 1.25], "texture": "#missing"},
				"down": {"uv": [0.09375, 1.25, 0.0625, 1.4375], "texture": "#missing"}
			}
		},
		{
			"from": [8.55, 5.81586, 6.67983],
			"to": [9.55, 11.81586, 7.67983],
			"rotation": {"angle": 45, "axis": "x", "origin": [14.55, 16.06586, 11.17983]},
			"faces": {
				"north": {"uv": [0.6875, 1.25, 0.71875, 1.4375], "texture": "#missing"},
				"east": {"uv": [0.71875, 1.25, 0.75, 1.4375], "texture": "#missing"},
				"south": {"uv": [0.75, 1.25, 0.78125, 1.4375], "texture": "#missing"},
				"west": {"uv": [0.78125, 1.25, 0.8125, 1.4375], "texture": "#missing"},
				"up": {"uv": [1.375, 1.40625, 1.34375, 1.375], "texture": "#missing"},
				"down": {"uv": [1.40625, 1.34375, 1.375, 1.375], "texture": "#missing"}
			}
		},
		{
			"from": [6.425, 5.81586, 6.67983],
			"to": [7.375, 11.81586, 7.67983],
			"rotation": {"angle": 45, "axis": "x", "origin": [12.4, 16.06586, 11.17983]},
			"faces": {
				"north": {"uv": [0.8125, 1.25, 0.84375, 1.4375], "texture": "#missing"},
				"east": {"uv": [0.84375, 1.25, 0.875, 1.4375], "texture": "#missing"},
				"south": {"uv": [1.25, 1.03125, 1.28125, 1.21875], "texture": "#missing"},
				"west": {"uv": [1.21875, 1.25, 1.25, 1.4375], "texture": "#missing"},
				"up": {"uv": [1.40625, 1.40625, 1.375, 1.375], "texture": "#missing"},
				"down": {"uv": [1.4375, 0, 1.40625, 0.03125], "texture": "#missing"}
			}
		},
		{
			"from": [8.55, 10.25, 0.75],
			"to": [9.55, 12, 1.75],
			"rotation": {"angle": 0, "axis": "y", "origin": [14.55, 20.5, 5.25]},
			"faces": {
				"north": {"uv": [1.1875, 1.34375, 1.21875, 1.40625], "texture": "#missing"},
				"east": {"uv": [0.15625, 1.375, 0.1875, 1.4375], "texture": "#missing"},
				"south": {"uv": [0.1875, 1.375, 0.21875, 1.4375], "texture": "#missing"},
				"west": {"uv": [0.21875, 1.375, 0.25, 1.4375], "texture": "#missing"},
				"up": {"uv": [1.4375, 0.0625, 1.40625, 0.03125], "texture": "#missing"},
				"down": {"uv": [1.4375, 0.0625, 1.40625, 0.09375], "texture": "#missing"}
			}
		},
		{
			"from": [6.4, 10.25, 0.75],
			"to": [7.4, 12, 1.75],
			"rotation": {"angle": 0, "axis": "y", "origin": [12.4, 20.5, 5.25]},
			"faces": {
				"north": {"uv": [0.25, 1.375, 0.28125, 1.4375], "texture": "#missing"},
				"east": {"uv": [0.28125, 1.375, 0.3125, 1.4375], "texture": "#missing"},
				"south": {"uv": [1.375, 0.71875, 1.40625, 0.78125], "texture": "#missing"},
				"west": {"uv": [1.375, 0.78125, 1.40625, 0.84375], "texture": "#missing"},
				"up": {"uv": [0.125, 1.4375, 0.09375, 1.40625], "texture": "#missing"},
				"down": {"uv": [1.4375, 0.09375, 1.40625, 0.125], "texture": "#missing"}
			}
		},
		{
			"from": [15, 7, 0.25],
			"to": [18, 10, 3.25],
			"rotation": {"angle": 0, "axis": "y", "origin": [14, 0, 0.25]},
			"faces": {
				"north": {"uv": [1.0625, 0.5, 1.15625, 0.59375], "texture": "#missing"},
				"east": {"uv": [1.0625, 0.65625, 1.15625, 0.75], "texture": "#missing"},
				"south": {"uv": [1.0625, 0.75, 1.15625, 0.84375], "texture": "#missing"},
				"west": {"uv": [1.0625, 0.84375, 1.15625, 0.9375], "texture": "#missing"},
				"up": {"uv": [1.15625, 1.03125, 1.0625, 0.9375], "texture": "#missing"},
				"down": {"uv": [1.15625, 1.03125, 1.0625, 1.125], "texture": "#missing"}
			}
		},
		{
			"from": [15, 7, 3.25],
			"to": [17.5, 9, 12.75],
			"rotation": {"angle": 0, "axis": "y", "origin": [18, 0, 0.25]},
			"faces": {
				"north": {"uv": [1.25, 0.5, 1.34375, 0.5625], "texture": "#missing"},
				"east": {"uv": [0.4375, 0.3125, 0.75, 0.375], "texture": "#missing"},
				"south": {"uv": [1.25, 0.5625, 1.34375, 0.625], "texture": "#missing"},
				"west": {"uv": [0.375, 0.4375, 0.6875, 0.5], "texture": "#missing"},
				"up": {"uv": [0.28125, 0.6875, 0.1875, 0.375], "texture": "#missing"},
				"down": {"uv": [0.375, 0.375, 0.28125, 0.6875], "texture": "#missing"}
			}
		},
		{
			"from": [15.5, 10, 13.23528],
			"to": [17.5, 12, 15.23528],
			"rotation": {"angle": 0, "axis": "y", "origin": [18, 0, 12.73528]},
			"faces": {
				"north": {"uv": [0.5, 1.28125, 0.5625, 1.34375], "texture": "#missing"},
				"east": {"uv": [0.5625, 1.28125, 0.625, 1.34375], "texture": "#missing"},
				"south": {"uv": [0.625, 1.28125, 0.6875, 1.34375], "texture": "#missing"},
				"west": {"uv": [0.875, 1.28125, 0.9375, 1.34375], "texture": "#missing"},
				"up": {"uv": [1, 1.34375, 0.9375, 1.28125], "texture": "#missing"},
				"down": {"uv": [1.0625, 1.28125, 1, 1.34375], "texture": "#missing"}
			}
		},
		{
			"from": [15.525, 12.41421, 9.40685],
			"to": [17.475, 14.41421, 15.40685],
			"rotation": {"angle": 45, "axis": "x", "origin": [16.5, 13.41421, 12.40685]},
			"faces": {
				"north": {"uv": [1.28125, 1.03125, 1.34375, 1.09375], "texture": "#missing"},
				"east": {"uv": [0.125, 0.6875, 0.3125, 0.75], "texture": "#missing"},
				"south": {"uv": [1.28125, 1.09375, 1.34375, 1.15625], "texture": "#missing"},
				"west": {"uv": [0.6875, 0.4375, 0.875, 0.5], "texture": "#missing"},
				"up": {"uv": [0.375, 0.875, 0.3125, 0.6875], "texture": "#missing"},
				"down": {"uv": [0.75, 0.65625, 0.6875, 0.84375], "texture": "#missing"}
			}
		},
		{
			"from": [15.5, 14.24264, 4.99264],
			"to": [17.5, 16.24264, 10.99264],
			"rotation": {"angle": 0, "axis": "x", "origin": [18, 16.74264, -5.00736]},
			"faces": {
				"north": {"uv": [1.15625, 1.28125, 1.21875, 1.34375], "texture": "#missing"},
				"east": {"uv": [0.125, 0.75, 0.3125, 0.8125], "texture": "#missing"},
				"south": {"uv": [1.28125, 1.15625, 1.34375, 1.21875], "texture": "#missing"},
				"west": {"uv": [0.75, 0.1875, 0.9375, 0.25], "texture": "#missing"},
				"up": {"uv": [0.625, 0.9375, 0.5625, 0.75], "texture": "#missing"},
				"down": {"uv": [0.6875, 0.75, 0.625, 0.9375], "texture": "#missing"}
			}
		},
		{
			"from": [15.525, 15.28249, -6.17462],
			"to": [17.475, 21.28249, -4.17462],
			"rotation": {"angle": 45, "axis": "x", "origin": [18, 5.28249, -6.67462]},
			"faces": {
				"north": {"uv": [0.75, 0.65625, 0.8125, 0.84375], "texture": "#missing"},
				"east": {"uv": [0, 0.78125, 0.0625, 0.96875], "texture": "#missing"},
				"south": {"uv": [0.0625, 0.78125, 0.125, 0.96875], "texture": "#missing"},
				"west": {"uv": [0.375, 0.78125, 0.4375, 0.96875], "texture": "#missing"},
				"up": {"uv": [0.21875, 1.375, 0.15625, 1.3125], "texture": "#missing"},
				"down": {"uv": [0.28125, 1.3125, 0.21875, 1.375], "texture": "#missing"}
			}
		},
		{
			"from": [15, 7, 12.75],
			"to": [18, 10, 15.75],
			"rotation": {"angle": 0, "axis": "y", "origin": [18, 0, 0.25]},
			"faces": {
				"north": {"uv": [1.125, 0, 1.21875, 0.09375], "texture": "#missing"},
				"east": {"uv": [1.125, 0.09375, 1.21875, 0.1875], "texture": "#missing"},
				"south": {"uv": [1.125, 0.1875, 1.21875, 0.28125], "texture": "#missing"},
				"west": {"uv": [1.125, 0.28125, 1.21875, 0.375], "texture": "#missing"},
				"up": {"uv": [0.59375, 1.21875, 0.5, 1.125], "texture": "#missing"},
				"down": {"uv": [0.6875, 1.125, 0.59375, 1.21875], "texture": "#missing"}
			}
		},
		{
			"from": [15.5, 10, 0.75],
			"to": [17.5, 12, 2.75],
			"rotation": {"angle": 0, "axis": "y", "origin": [15, 0, 0.25]},
			"faces": {
				"north": {"uv": [1.3125, 0.71875, 1.375, 0.78125], "texture": "#missing"},
				"east": {"uv": [1.3125, 0.78125, 1.375, 0.84375], "texture": "#missing"},
				"south": {"uv": [1.3125, 0.84375, 1.375, 0.90625], "texture": "#missing"},
				"west": {"uv": [1.3125, 0.90625, 1.375, 0.96875], "texture": "#missing"},
				"up": {"uv": [1.3125, 1.375, 1.25, 1.3125], "texture": "#missing"},
				"down": {"uv": [1.375, 1.25, 1.3125, 1.3125], "texture": "#missing"}
			}
		},
		{
			"from": [-2, 7, 12.75],
			"to": [1, 10, 15.75],
			"rotation": {"angle": 0, "axis": "y", "origin": [-2, 0, 0.25]},
			"faces": {
				"north": {"uv": [0.6875, 1.125, 0.78125, 1.21875], "texture": "#missing"},
				"east": {"uv": [0.78125, 1.125, 0.875, 1.21875], "texture": "#missing"},
				"south": {"uv": [0.875, 1.125, 0.96875, 1.21875], "texture": "#missing"},
				"west": {"uv": [0.96875, 1.125, 1.0625, 1.21875], "texture": "#missing"},
				"up": {"uv": [1.15625, 1.21875, 1.0625, 1.125], "texture": "#missing"},
				"down": {"uv": [0.09375, 1.15625, 0, 1.25], "texture": "#missing"}
			}
		},
		{
			"from": [-1.5, 14.24264, 4.99264],
			"to": [0.5, 16.24264, 10.99264],
			"rotation": {"angle": 0, "axis": "x", "origin": [-2, 16.74264, -5.00736]},
			"faces": {
				"north": {"uv": [1.3125, 1.3125, 1.375, 1.375], "texture": "#missing"},
				"east": {"uv": [0.75, 0.25, 0.9375, 0.3125], "texture": "#missing"},
				"south": {"uv": [1.34375, 0, 1.40625, 0.0625], "texture": "#missing"},
				"west": {"uv": [0.75, 0.3125, 0.9375, 0.375], "texture": "#missing"},
				"up": {"uv": [0.5, 0.96875, 0.4375, 0.78125], "texture": "#missing"},
				"down": {"uv": [0.5625, 0.78125, 0.5, 0.96875], "texture": "#missing"}
			}
		},
		{
			"from": [-1.475, 12.41421, 9.40685],
			"to": [0.475, 14.41421, 15.40685],
			"rotation": {"angle": 45, "axis": "x", "origin": [-0.5, 13.41421, 12.40685]},
			"faces": {
				"north": {"uv": [1.34375, 0.0625, 1.40625, 0.125], "texture": "#missing"},
				"east": {"uv": [0.125, 0.8125, 0.3125, 0.875], "texture": "#missing"},
				"south": {"uv": [0.09375, 1.34375, 0.15625, 1.40625], "texture": "#missing"},
				"west": {"uv": [0.8125, 0.375, 1, 0.4375], "texture": "#missing"},
				"up": {"uv": [0.875, 0.78125, 0.8125, 0.59375], "texture": "#missing"},
				"down": {"uv": [0.875, 0.78125, 0.8125, 0.96875], "texture": "#missing"}
			}
		},
		{
			"from": [-1.5, 10, 13.23528],
			"to": [0.5, 12, 15.23528],
			"rotation": {"angle": 0, "axis": "y", "origin": [-2, 0, 12.73528]},
			"faces": {
				"north": {"uv": [1.34375, 0.125, 1.40625, 0.1875], "texture": "#missing"},
				"east": {"uv": [1.34375, 0.1875, 1.40625, 0.25], "texture": "#missing"},
				"south": {"uv": [1.34375, 0.25, 1.40625, 0.3125], "texture": "#missing"},
				"west": {"uv": [0.3125, 1.34375, 0.375, 1.40625], "texture": "#missing"},
				"up": {"uv": [1.40625, 0.375, 1.34375, 0.3125], "texture": "#missing"},
				"down": {"uv": [0.4375, 1.34375, 0.375, 1.40625], "texture": "#missing"}
			}
		},
		{
			"from": [-1.475, 15.28249, -6.17462],
			"to": [0.475, 21.28249, -4.17462],
			"rotation": {"angle": 45, "axis": "x", "origin": [-2, 5.28249, -6.67462]},
			"faces": {
				"north": {"uv": [0.6875, 0.84375, 0.75, 1.03125], "texture": "#missing"},
				"east": {"uv": [0.75, 0.84375, 0.8125, 1.03125], "texture": "#missing"},
				"south": {"uv": [0.875, 0, 0.9375, 0.1875], "texture": "#missing"},
				"west": {"uv": [0.125, 0.875, 0.1875, 1.0625], "texture": "#missing"},
				"up": {"uv": [0.5, 1.40625, 0.4375, 1.34375], "texture": "#missing"},
				"down": {"uv": [0.5625, 1.34375, 0.5, 1.40625], "texture": "#missing"}
			}
		},
		{
			"from": [-1.5, 10, 0.75],
			"to": [0.5, 12, 2.75],
			"rotation": {"angle": 0, "axis": "y", "origin": [-2, 0, 0.25]},
			"faces": {
				"north": {"uv": [1.34375, 0.5, 1.40625, 0.5625], "texture": "#missing"},
				"east": {"uv": [0.5625, 1.34375, 0.625, 1.40625], "texture": "#missing"},
				"south": {"uv": [1.34375, 0.5625, 1.40625, 0.625], "texture": "#missing"},
				"west": {"uv": [0.625, 1.34375, 0.6875, 1.40625], "texture": "#missing"},
				"up": {"uv": [0.9375, 1.40625, 0.875, 1.34375], "texture": "#missing"},
				"down": {"uv": [1, 1.34375, 0.9375, 1.40625], "texture": "#missing"}
			}
		},
		{
			"from": [16.5, 0, 3.25],
			"to": [17.5, 1, 12.75],
			"rotation": {"angle": 0, "axis": "y", "origin": [18, 0, 0.25]},
			"faces": {
				"north": {"uv": [0.125, 1.40625, 0.15625, 1.4375], "texture": "#missing"},
				"east": {"uv": [0.875, 0.59375, 1.1875, 0.625], "texture": "#missing"},
				"south": {"uv": [1.40625, 0.125, 1.4375, 0.15625], "texture": "#missing"},
				"west": {"uv": [0.875, 0.625, 1.1875, 0.65625], "texture": "#missing"},
				"up": {"uv": [0.28125, 1.1875, 0.25, 0.875], "texture": "#missing"},
				"down": {"uv": [0.3125, 0.875, 0.28125, 1.1875], "texture": "#missing"}
			}
		},
		{
			"from": [16.5, 8.99264, 4.99264],
			"to": [16.5, 14.24264, 10.99264],
			"rotation": {"angle": 0, "axis": "x", "origin": [18, 16.74264, -5.00736]},
			"faces": {
				"north": {"uv": [0.0625, 0, 0.0625, 0.16406], "rotation": 180, "texture": "#missing"},
				"east": {"uv": [0, 0.1875, 0.16406, 0.375], "rotation": 90, "texture": "#missing"},
				"south": {"uv": [0.0625, 0, 0.0625, 0.16406], "texture": "#missing"},
				"west": {"uv": [0, 0.1875, 0.16406, 0.375], "rotation": 270, "texture": "#missing"},
				"up": {"uv": [0.0625, 0, 0.0625, 0.1875], "rotation": 180, "texture": "#missing"},
				"down": {"uv": [0.0625, 0, 0.0625, 0.1875], "texture": "#missing"}
			}
		},
		{
			"from": [16.5, 8.99264, 10.99264],
			"to": [16.5, 13.49264, 13.24264],
			"rotation": {"angle": 0, "axis": "x", "origin": [18, 16.74264, -5.00736]},
			"faces": {
				"north": {"uv": [0.0625, 0, 0.0625, 0.14063], "rotation": 180, "texture": "#missing"},
				"east": {"uv": [0, 0.1875, 0.14063, 0.25781], "rotation": 90, "texture": "#missing"},
				"south": {"uv": [0.0625, 0, 0.0625, 0.14063], "texture": "#missing"},
				"west": {"uv": [0, 0.1875, 0.14063, 0.25781], "rotation": 270, "texture": "#missing"},
				"up": {"uv": [0.0625, 0, 0.0625, 0.07031], "rotation": 180, "texture": "#missing"},
				"down": {"uv": [0.0625, 0, 0.0625, 0.07031], "texture": "#missing"}
			}
		},
		{
			"from": [16.5, 8.99264, 2.74264],
			"to": [16.5, 13.49264, 4.99264],
			"rotation": {"angle": 0, "axis": "x", "origin": [18, 16.74264, -5.00736]},
			"faces": {
				"north": {"uv": [0.0625, 0, 0.0625, 0.14063], "rotation": 180, "texture": "#missing"},
				"east": {"uv": [0, 0.1875, 0.14063, 0.25781], "rotation": 90, "texture": "#missing"},
				"south": {"uv": [0.0625, 0, 0.0625, 0.14063], "texture": "#missing"},
				"west": {"uv": [0, 0.1875, 0.14063, 0.25781], "rotation": 270, "texture": "#missing"},
				"up": {"uv": [0.0625, 0, 0.0625, 0.07031], "rotation": 180, "texture": "#missing"},
				"down": {"uv": [0.0625, 0, 0.0625, 0.07031], "texture": "#missing"}
			}
		},
		{
			"from": [-0.5, 8.99264, 2.74264],
			"to": [-0.5, 13.49264, 4.99264],
			"rotation": {"angle": 0, "axis": "x", "origin": [18, 16.74264, -5.00736]},
			"faces": {
				"north": {"uv": [0.0625, 0, 0.0625, 0.14063], "rotation": 180, "texture": "#missing"},
				"east": {"uv": [0, 0.1875, 0.14063, 0.25781], "rotation": 90, "texture": "#missing"},
				"south": {"uv": [0.0625, 0, 0.0625, 0.14063], "texture": "#missing"},
				"west": {"uv": [0, 0.1875, 0.14063, 0.25781], "rotation": 270, "texture": "#missing"},
				"up": {"uv": [0.0625, 0, 0.0625, 0.07031], "rotation": 180, "texture": "#missing"},
				"down": {"uv": [0.0625, 0, 0.0625, 0.07031], "texture": "#missing"}
			}
		},
		{
			"from": [-0.5, 8.99264, 4.99264],
			"to": [-0.5, 14.24264, 10.99264],
			"rotation": {"angle": 0, "axis": "x", "origin": [18, 16.74264, -5.00736]},
			"faces": {
				"north": {"uv": [0.0625, 0, 0.0625, 0.16406], "rotation": 180, "texture": "#missing"},
				"east": {"uv": [0, 0.1875, 0.16406, 0.375], "rotation": 90, "texture": "#missing"},
				"south": {"uv": [0.0625, 0, 0.0625, 0.16406], "texture": "#missing"},
				"west": {"uv": [0, 0.1875, 0.16406, 0.375], "rotation": 270, "texture": "#missing"},
				"up": {"uv": [0.0625, 0, 0.0625, 0.1875], "rotation": 180, "texture": "#missing"},
				"down": {"uv": [0.0625, 0, 0.0625, 0.1875], "texture": "#missing"}
			}
		},
		{
			"from": [-0.5, 0.99264, 2.74264],
			"to": [-0.5, 7.24264, 13.24264],
			"rotation": {"angle": 0, "axis": "x", "origin": [18, 16.74264, -5.00736]},
			"faces": {
				"north": {"uv": [0.0625, 0, 0.0625, 0.19531], "rotation": 180, "texture": "#missing"},
				"east": {"uv": [0, 0.17188, 0.19531, 0.5], "rotation": 90, "texture": "#missing"},
				"south": {"uv": [0.0625, 0, 0.0625, 0.19531], "texture": "#missing"},
				"west": {"uv": [0, 0.17188, 0.19531, 0.5], "rotation": 270, "texture": "#missing"},
				"up": {"uv": [0.0625, 0, 0.0625, 0.32813], "rotation": 180, "texture": "#missing"},
				"down": {"uv": [0.0625, 0, 0.0625, 0.32813], "texture": "#missing"}
			}
		},
		{
			"from": [16.5, 0.99264, 2.74264],
			"to": [16.5, 7.24264, 13.24264],
			"rotation": {"angle": 0, "axis": "x", "origin": [18, 16.74264, -5.00736]},
			"faces": {
				"north": {"uv": [0.0625, 0, 0.0625, 0.19531], "rotation": 180, "texture": "#missing"},
				"east": {"uv": [0, 0.17188, 0.19531, 0.5], "rotation": 90, "texture": "#missing"},
				"south": {"uv": [0.0625, 0, 0.0625, 0.19531], "texture": "#missing"},
				"west": {"uv": [0, 0.17188, 0.19531, 0.5], "rotation": 270, "texture": "#missing"},
				"up": {"uv": [0.0625, 0, 0.0625, 0.32813], "rotation": 180, "texture": "#missing"},
				"down": {"uv": [0.0625, 0, 0.0625, 0.32813], "texture": "#missing"}
			}
		},
		{
			"from": [0.5, 1, 14.249],
			"to": [15.5, 7, 14.249],
			"rotation": {"angle": 0, "axis": "y", "origin": [10.25, 3.875, 7.974]},
			"faces": {
				"north": {"uv": [0, 0.03125, 0.1875, 0.5], "rotation": 90, "texture": "#missing"},
				"east": {"uv": [0.0625, 0, 0.0625, 0.1875], "texture": "#missing"},
				"south": {"uv": [0, 0.03125, 0.1875, 0.5], "rotation": 270, "texture": "#missing"},
				"west": {"uv": [0.0625, 0, 0.0625, 0.1875], "rotation": 180, "texture": "#missing"},
				"up": {"uv": [0.0625, 0, 0.0625, 0.46875], "rotation": 90, "texture": "#missing"},
				"down": {"uv": [0.0625, 0, 0.0625, 0.46875], "rotation": 90, "texture": "#missing"}
			}
		},
		{
			"from": [0.5, 1, 1.749],
			"to": [15.5, 7, 1.749],
			"rotation": {"angle": 0, "axis": "y", "origin": [10.25, 3.875, 7.974]},
			"faces": {
				"north": {"uv": [0, 0.03125, 0.1875, 0.5], "rotation": 90, "texture": "#missing"},
				"east": {"uv": [0.0625, 0, 0.0625, 0.1875], "texture": "#missing"},
				"south": {"uv": [0, 0.03125, 0.1875, 0.5], "rotation": 270, "texture": "#missing"},
				"west": {"uv": [0.0625, 0, 0.0625, 0.1875], "rotation": 180, "texture": "#missing"},
				"up": {"uv": [0.0625, 0, 0.0625, 0.46875], "rotation": 90, "texture": "#missing"},
				"down": {"uv": [0.0625, 0, 0.0625, 0.46875], "rotation": 90, "texture": "#missing"}
			}
		},
		{
			"from": [-0.5, 8.99264, 10.99264],
			"to": [-0.5, 13.49264, 13.24264],
			"rotation": {"angle": 0, "axis": "x", "origin": [18, 16.74264, -5.00736]},
			"faces": {
				"north": {"uv": [0.0625, 0, 0.0625, 0.14063], "rotation": 180, "texture": "#missing"},
				"east": {"uv": [0, 0.1875, 0.14063, 0.25781], "rotation": 90, "texture": "#missing"},
				"south": {"uv": [0.0625, 0, 0.0625, 0.14063], "texture": "#missing"},
				"west": {"uv": [0, 0.1875, 0.14063, 0.25781], "rotation": 270, "texture": "#missing"},
				"up": {"uv": [0.0625, 0, 0.0625, 0.07031], "rotation": 180, "texture": "#missing"},
				"down": {"uv": [0.0625, 0, 0.0625, 0.07031], "texture": "#missing"}
			}
		}
	],
	"display": {},
	"groups": [
		0,
		1,
		2,
		3,
		4,
		5,
		{
			"name": "frame",
			"origin": [18, 0, 0.25],
			"color": 0,
			"children": [6, 7, 8, 9, 10, 11, 12, 13, 14, 15, 16, 17, 18, 19, 20, 21, 22, 23, 24, 25, 26, 27, 28, 29, 30, 31, 32, 33, 34, 35, 36, 37, 38, 39, 40, 41, 42, 43, 44, 45, 46, 47, 48]
		},
		49,
		50,
		51,
		52,
		53,
		54,
		55,
		56,
		57,
		58
	]
}