{
	"credit": "Made by Aiden (feignedmars4438 on discord)",
	"texture_size": [64, 64],
	"textures": {
		"0": "item/crates/season1/tower_crate/crate_wood",
		"1": "item/crates/season1/tower_crate/frame",
		"particle": "item/crates/season1/tower_crate/crate_wood"
	},
	"elements": [
		{
			"from": [0.5, 9, 1.75],
			"to": [15.5, 12, 1.75],
			"rotation": {"angle": 0, "axis": "y", "origin": [15, 0, 0.25]},
			"faces": {
				"north": {"uv": [0, 0, 3.75, 0.75], "texture": "#0"},
				"east": {"uv": [0, 0, 0, 0.75], "texture": "#0"},
				"south": {"uv": [0, 0, 3.75, 0.75], "texture": "#0"},
				"west": {"uv": [0, 0, 0, 0.75], "texture": "#0"},
				"up": {"uv": [0, 0, 3.75, 0], "texture": "#0"},
				"down": {"uv": [0, 0, 3.75, 0], "texture": "#0"}
			}
		},
		{
			"from": [0.5, 9, 14.25],
			"to": [15.5, 12, 14.25],
			"rotation": {"angle": 0, "axis": "y", "origin": [15, 0, 15.75]},
			"faces": {
				"north": {"uv": [3.75, 0, 0, 0.75], "texture": "#0"},
				"east": {"uv": [0, 0, 0, 0.75], "texture": "#0"},
				"south": {"uv": [3.75, 0, 0, 0.75], "texture": "#0"},
				"west": {"uv": [0, 0, 0, 0.75], "texture": "#0"},
				"up": {"uv": [0, 0, 3.75, 0], "texture": "#0"},
				"down": {"uv": [0, 0, 3.75, 0], "texture": "#0"}
			}
		},
		{
			"from": [0.5, 15.6967, 20.17462],
			"to": [15.5, 20.9967, 20.17462],
			"rotation": {"angle": -45, "axis": "x", "origin": [15, 6.6967, 21.67462]},
			"faces": {
				"north": {"uv": [3.75, 0, 0, 1.325], "texture": "#0"},
				"east": {"uv": [0, 0, 0, 1.325], "texture": "#0"},
				"south": {"uv": [3.75, 0, 0, 1.325], "texture": "#0"},
				"west": {"uv": [0, 0, 0, 1.325], "texture": "#0"},
				"up": {"uv": [0, 0, 3.75, 0], "texture": "#0"},
				"down": {"uv": [0, 0, 3.75, 0], "texture": "#0"}
			}
		},
		{
			"from": [0.5, 15.6967, -4.17462],
			"to": [15.5, 20.9967, -4.17462],
			"rotation": {"angle": 45, "axis": "x", "origin": [15, 6.6967, -5.67462]},
			"faces": {
				"north": {"uv": [0, 0, 3.75, 1.325], "texture": "#0"},
				"east": {"uv": [0, 0, 0, 1.325], "texture": "#0"},
				"south": {"uv": [0, 0, 3.75, 1.325], "texture": "#0"},
				"west": {"uv": [0, 0, 0, 1.325], "texture": "#0"},
				"up": {"uv": [0, 0, 3.75, 0], "texture": "#0"},
				"down": {"uv": [0, 0, 3.75, 0], "texture": "#0"}
			}
		},
		{
			"from": [0.5, 15.74667, 5.49767],
			"to": [15.5, 15.74667, 10.52267],
			"rotation": {"angle": 0, "axis": "x", "origin": [8, 15.74667, 8.14767]},
			"faces": {
				"north": {"uv": [0, 0, 3.75, 0], "rotation": 180, "texture": "#0"},
				"east": {"uv": [0, 0, 0, 1.25625], "rotation": 270, "texture": "#0"},
				"south": {"uv": [0, 0, 3.75, 0], "texture": "#0"},
				"west": {"uv": [0, 0, 0, 1.25625], "rotation": 90, "texture": "#0"},
				"up": {"uv": [0, 0, 3.75, 1.25625], "rotation": 180, "texture": "#0"},
				"down": {"uv": [0, 0, 3.75, 1.25625], "texture": "#0"}
			}
		},
		{
			"from": [-0.5, 0.1, 1.75],
			"to": [16.5, 0.1, 14.275],
			"rotation": {"angle": 0, "axis": "x", "origin": [8.5, 16, 4.4]},
			"faces": {
				"north": {"uv": [0, 0, 3.75, 0], "rotation": 180, "texture": "#0"},
				"east": {"uv": [0, 0, 0, 1.25625], "rotation": 270, "texture": "#0"},
				"south": {"uv": [0, 0, 3.75, 0], "texture": "#0"},
				"west": {"uv": [0, 0, 0, 1.25625], "rotation": 90, "texture": "#0"},
				"up": {"uv": [0, 0, 3.75, 1.25625], "rotation": 180, "texture": "#0"},
				"down": {"uv": [0, 0, 3.75, 1.25625], "texture": "#0"}
			}
		},
		{
			"from": [-1.5, 3, 0.75],
			"to": [0.5, 7, 2.75],
			"rotation": {"angle": 0, "axis": "y", "origin": [-2, 0, 0.25]},
			"faces": {
				"north": {"uv": [0.75, 9.25, 1.25, 10.25], "texture": "#1"},
				"east": {"uv": [2.5, 9.25, 3, 10.25], "texture": "#1"},
				"south": {"uv": [3, 9.25, 3.5, 10.25], "texture": "#1"},
				"west": {"uv": [3.5, 9.25, 4, 10.25], "texture": "#1"},
				"up": {"uv": [3, 7.5, 2.5, 7], "texture": "#1"},
				"down": {"uv": [4.5, 7.75, 4, 8.25], "texture": "#1"}
			}
		},
		{
			"from": [-2, 0, 0.25],
			"to": [1, 3, 3.25],
			"rotation": {"angle": 0, "axis": "y", "origin": [-2, 0, 0.25]},
			"faces": {
				"north": {"uv": [7, 5.25, 7.75, 6], "texture": "#1"},
				"east": {"uv": [7, 6, 7.75, 6.75], "texture": "#1"},
				"south": {"uv": [7, 6.75, 7.75, 7.5], "texture": "#1"},
				"west": {"uv": [7.5, 0, 8.25, 0.75], "texture": "#1"},
				"up": {"uv": [8.25, 1.5, 7.5, 0.75], "texture": "#1"},
				"down": {"uv": [8.25, 1.5, 7.5, 2.25], "texture": "#1"}
			}
		},
		{
			"from": [1, 0, 0.75],
			"to": [7, 1, 1.75],
			"rotation": {"angle": 0, "axis": "y", "origin": [-2, 0, 0.25]},
			"faces": {
				"north": {"uv": [5, 4.75, 6.5, 5], "texture": "#1"},
				"east": {"uv": [2.5, 7.5, 2.75, 7.75], "texture": "#1"},
				"south": {"uv": [8, 3, 9.5, 3.25], "texture": "#1"},
				"west": {"uv": [2.75, 7.5, 3, 7.75], "texture": "#1"},
				"up": {"uv": [9.5, 3.5, 8, 3.25], "texture": "#1"},
				"down": {"uv": [11, 5, 9.5, 5.25], "texture": "#1"}
			}
		},
		{
			"from": [7, 0, 0.25],
			"to": [9, 2, 2.25],
			"rotation": {"angle": 0, "axis": "y", "origin": [-2, 0, 0.25]},
			"faces": {
				"north": {"uv": [6.5, 7.75, 7, 8.25], "texture": "#1"},
				"east": {"uv": [10, 10, 10.5, 10.5], "texture": "#1"},
				"south": {"uv": [10.25, 0, 10.75, 0.5], "texture": "#1"},
				"west": {"uv": [10.25, 0.5, 10.75, 1], "texture": "#1"},
				"up": {"uv": [1.25, 10.75, 0.75, 10.25], "texture": "#1"},
				"down": {"uv": [10.75, 1, 10.25, 1.5], "texture": "#1"}
			}
		},
		{
			"from": [9, 0, 0.75],
			"to": [15, 1, 1.75],
			"rotation": {"angle": 0, "axis": "y", "origin": [-2, 0, 0.25]},
			"faces": {
				"north": {"uv": [4, 9.75, 5.5, 10], "texture": "#1"},
				"east": {"uv": [1.25, 9.25, 1.5, 9.5], "texture": "#1"},
				"south": {"uv": [9.75, 5.25, 11.25, 5.5], "texture": "#1"},
				"west": {"uv": [11, 5, 11.25, 5.25], "texture": "#1"},
				"up": {"uv": [7, 10, 5.5, 9.75], "texture": "#1"},
				"down": {"uv": [11.25, 5.5, 9.75, 5.75], "texture": "#1"}
			}
		},
		{
			"from": [15, 0, 0.25],
			"to": [18, 3, 3.25],
			"rotation": {"angle": 0, "axis": "y", "origin": [-2, 0, 0.25]},
			"faces": {
				"north": {"uv": [7.5, 2.25, 8.25, 3], "texture": "#1"},
				"east": {"uv": [4.5, 7.5, 5.25, 8.25], "texture": "#1"},
				"south": {"uv": [7, 7.5, 7.75, 8.25], "texture": "#1"},
				"west": {"uv": [0, 7.75, 0.75, 8.5], "texture": "#1"},
				"up": {"uv": [3.25, 8.5, 2.5, 7.75], "texture": "#1"},
				"down": {"uv": [4, 7.75, 3.25, 8.5], "texture": "#1"}
			}
		},
		{
			"from": [15.5, 3, 0.75],
			"to": [17.5, 7, 2.75],
			"rotation": {"angle": 0, "axis": "y", "origin": [14, 0, 0.25]},
			"faces": {
				"north": {"uv": [9.25, 5.25, 9.75, 6.25], "texture": "#1"},
				"east": {"uv": [9.25, 6.25, 9.75, 7.25], "texture": "#1"},
				"south": {"uv": [9.25, 7.25, 9.75, 8.25], "texture": "#1"},
				"west": {"uv": [9.25, 8.25, 9.75, 9.25], "texture": "#1"},
				"up": {"uv": [10.75, 2, 10.25, 1.5], "texture": "#1"},
				"down": {"uv": [10.75, 2, 10.25, 2.5], "texture": "#1"}
			}
		},
		{
			"from": [1, 7, 0.75],
			"to": [15, 9, 3.25],
			"rotation": {"angle": 0, "axis": "y", "origin": [-2, 0, 0.25]},
			"faces": {
				"north": {"uv": [3, 3, 6.5, 3.5], "texture": "#1"},
				"east": {"uv": [9.75, 5.75, 10.5, 6.25], "texture": "#1"},
				"south": {"uv": [3.5, 0, 7, 0.5], "texture": "#1"},
				"west": {"uv": [9.75, 6.25, 10.5, 6.75], "texture": "#1"},
				"up": {"uv": [3.5, 0.75, 0, 0], "texture": "#1"},
				"down": {"uv": [3.5, 0.75, 0, 1.5], "texture": "#1"}
			}
		},
		{
			"from": [6, 6.25, 0.25],
			"to": [10, 10.25, 3.25],
			"rotation": {"angle": 0, "axis": "y", "origin": [-2, 0, 0.25]},
			"faces": {
				"north": {"uv": [3, 4, 4, 5], "texture": "#1"},
				"east": {"uv": [3, 5.25, 3.75, 6.25], "texture": "#1"},
				"south": {"uv": [4, 4, 5, 5], "texture": "#1"},
				"west": {"uv": [3.75, 5.25, 4.5, 6.25], "texture": "#1"},
				"up": {"uv": [5.5, 6, 4.5, 5.25], "texture": "#1"},
				"down": {"uv": [1, 5.5, 0, 6.25], "texture": "#1"}
			}
		},
		{
			"from": [-2, 7, 0.25],
			"to": [1, 10, 3.25],
			"rotation": {"angle": 0, "axis": "y", "origin": [-2, 0, 0.25]},
			"faces": {
				"north": {"uv": [7.75, 5.25, 8.5, 6], "texture": "#1"},
				"east": {"uv": [7.75, 6, 8.5, 6.75], "texture": "#1"},
				"south": {"uv": [7.75, 6.75, 8.5, 7.5], "texture": "#1"},
				"west": {"uv": [7.75, 7.5, 8.5, 8.25], "texture": "#1"},
				"up": {"uv": [9, 0.75, 8.25, 0], "texture": "#1"},
				"down": {"uv": [9, 0.75, 8.25, 1.5], "texture": "#1"}
			}
		},
		{
			"from": [-1.5, 7, 3.25],
			"to": [1, 9, 12.75],
			"rotation": {"angle": 0, "axis": "y", "origin": [-2, 0, 0.25]},
			"faces": {
				"north": {"uv": [9.75, 6.75, 10.5, 7.25], "texture": "#1"},
				"east": {"uv": [3.5, 1.5, 6, 2], "texture": "#1"},
				"south": {"uv": [7, 9.75, 7.75, 10.25], "texture": "#1"},
				"west": {"uv": [3.5, 2, 6, 2.5], "texture": "#1"},
				"up": {"uv": [0.75, 5.5, 0, 3], "texture": "#1"},
				"down": {"uv": [1.5, 3, 0.75, 5.5], "texture": "#1"}
			}
		},
		{
			"from": [-1.5, 0, 3.25],
			"to": [-0.5, 1, 12.75],
			"rotation": {"angle": 0, "axis": "y", "origin": [-2, 0, 0.25]},
			"faces": {
				"north": {"uv": [11, 6.75, 11.25, 7], "texture": "#1"},
				"east": {"uv": [7, 3.5, 9.5, 3.75], "texture": "#1"},
				"south": {"uv": [11, 7, 11.25, 7.25], "texture": "#1"},
				"west": {"uv": [7, 3.75, 9.5, 4], "texture": "#1"},
				"up": {"uv": [1.75, 9.5, 1.5, 7], "texture": "#1"},
				"down": {"uv": [2, 7, 1.75, 9.5], "texture": "#1"}
			}
		},
		{
			"from": [-2, 0, 12.75],
			"to": [1, 3, 15.75],
			"rotation": {"angle": 0, "axis": "y", "origin": [-2, 0, 0.25]},
			"faces": {
				"north": {"uv": [8.25, 1.5, 9, 2.25], "texture": "#1"},
				"east": {"uv": [8.25, 2.25, 9, 3], "texture": "#1"},
				"south": {"uv": [4, 8.25, 4.75, 9], "texture": "#1"},
				"west": {"uv": [4.75, 8.25, 5.5, 9], "texture": "#1"},
				"up": {"uv": [6.25, 9, 5.5, 8.25], "texture": "#1"},
				"down": {"uv": [7, 8.25, 6.25, 9], "texture": "#1"}
			}
		},
		{
			"from": [-1.5, 3, 13.25],
			"to": [0.5, 7, 15.25],
			"rotation": {"angle": 0, "axis": "y", "origin": [-2, 0, 0.25]},
			"faces": {
				"north": {"uv": [9.25, 9.25, 9.75, 10.25], "texture": "#1"},
				"east": {"uv": [1.25, 9.5, 1.75, 10.5], "texture": "#1"},
				"south": {"uv": [1.75, 9.5, 2.25, 10.5], "texture": "#1"},
				"west": {"uv": [9.5, 3, 10, 4], "texture": "#1"},
				"up": {"uv": [3, 10.75, 2.5, 10.25], "texture": "#1"},
				"down": {"uv": [10.75, 2.5, 10.25, 3], "texture": "#1"}
			}
		},
		{
			"from": [1, 7, 12.75],
			"to": [15, 9, 15.25],
			"rotation": {"angle": 0, "axis": "y", "origin": [-2, 0, 0.25]},
			"faces": {
				"north": {"uv": [3.5, 0.5, 7, 1], "texture": "#1"},
				"east": {"uv": [9.75, 7.25, 10.5, 7.75], "texture": "#1"},
				"south": {"uv": [3.5, 1, 7, 1.5], "texture": "#1"},
				"west": {"uv": [7.75, 9.75, 8.5, 10.25], "texture": "#1"},
				"up": {"uv": [3.5, 2.25, 0, 1.5], "texture": "#1"},
				"down": {"uv": [3.5, 2.25, 0, 3], "texture": "#1"}
			}
		},
		{
			"from": [1, 0, 14.25],
			"to": [15, 1, 15.25],
			"rotation": {"angle": 0, "axis": "y", "origin": [-2, 0, 0.25]},
			"faces": {
				"north": {"uv": [3, 5, 6.5, 5.25], "texture": "#1"},
				"east": {"uv": [11, 7.25, 11.25, 7.5], "texture": "#1"},
				"south": {"uv": [5, 4, 8.5, 4.25], "texture": "#1"},
				"west": {"uv": [11, 7.5, 11.25, 7.75], "texture": "#1"},
				"up": {"uv": [8.5, 4.5, 5, 4.25], "texture": "#1"},
				"down": {"uv": [8.5, 4.5, 5, 4.75], "texture": "#1"}
			}
		},
		{
			"from": [15, 0, 12.75],
			"to": [18, 3, 15.75],
			"rotation": {"angle": 0, "axis": "y", "origin": [18, 0, 0.25]},
			"faces": {
				"north": {"uv": [7, 8.25, 7.75, 9], "texture": "#1"},
				"east": {"uv": [7.75, 8.25, 8.5, 9], "texture": "#1"},
				"south": {"uv": [0, 8.5, 0.75, 9.25], "texture": "#1"},
				"west": {"uv": [0.75, 8.5, 1.5, 9.25], "texture": "#1"},
				"up": {"uv": [3.25, 9.25, 2.5, 8.5], "texture": "#1"},
				"down": {"uv": [4, 8.5, 3.25, 9.25], "texture": "#1"}
			}
		},
		{
			"from": [15.5, 3, 13.25],
			"to": [17.5, 7, 15.25],
			"rotation": {"angle": 0, "axis": "y", "origin": [14, 0, 0.25]},
			"faces": {
				"north": {"uv": [9.5, 4, 10, 5], "texture": "#1"},
				"east": {"uv": [9.75, 0, 10.25, 1], "texture": "#1"},
				"south": {"uv": [9.75, 1, 10.25, 2], "texture": "#1"},
				"west": {"uv": [9.75, 2, 10.25, 3], "texture": "#1"},
				"up": {"uv": [3.5, 10.75, 3, 10.25], "texture": "#1"},
				"down": {"uv": [4, 10.25, 3.5, 10.75], "texture": "#1"}
			}
		},
		{
			"from": [8.55, 9, 14.23528],
			"to": [9.55, 12, 15.23528],
			"rotation": {"angle": 0, "axis": "y", "origin": [14.55, 20.5, 3.73528]},
			"faces": {
				"north": {"uv": [5.25, 7.5, 5.5, 8.25], "texture": "#1"},
				"east": {"uv": [0.75, 7.75, 1, 8.5], "texture": "#1"},
				"south": {"uv": [9.25, 4, 9.5, 4.75], "texture": "#1"},
				"west": {"uv": [8, 10.75, 8.25, 11.5], "texture": "#1"},
				"up": {"uv": [11.25, 8.5, 11, 8.25], "texture": "#1"},
				"down": {"uv": [11.25, 8.5, 11, 8.75], "texture": "#1"}
			}
		},
		{
			"from": [6.4, 9, 14.23528],
			"to": [7.4, 12, 15.23528],
			"rotation": {"angle": 0, "axis": "y", "origin": [12.4, 20.5, 3.73528]},
			"faces": {
				"north": {"uv": [8.25, 10.75, 8.5, 11.5], "texture": "#1"},
				"east": {"uv": [10.75, 8.25, 11, 9], "texture": "#1"},
				"south": {"uv": [10.75, 9, 11, 9.75], "texture": "#1"},
				"west": {"uv": [9.25, 10.75, 9.5, 11.5], "texture": "#1"},
				"up": {"uv": [11.25, 9, 11, 8.75], "texture": "#1"},
				"down": {"uv": [11.25, 9, 11, 9.25], "texture": "#1"}
			}
		},
		{
			"from": [6.425, 9.31282, 4.8085],
			"to": [7.375, 10.31282, 10.8085],
			"rotation": {"angle": 45, "axis": "x", "origin": [12.4, 5.81282, 15.0585]},
			"faces": {
				"north": {"uv": [11, 9.25, 11.25, 9.5], "texture": "#1"},
				"east": {"uv": [9.75, 7.75, 11.25, 8], "texture": "#1"},
				"south": {"uv": [11, 9.5, 11.25, 9.75], "texture": "#1"},
				"west": {"uv": [9.75, 8, 11.25, 8.25], "texture": "#1"},
				"up": {"uv": [2.5, 11, 2.25, 9.5], "texture": "#1"},
				"down": {"uv": [10, 8.25, 9.75, 9.75], "texture": "#1"}
			}
		},
		{
			"from": [8.575, 9.31282, 4.8085],
			"to": [9.525, 10.31282, 10.8085],
			"rotation": {"angle": 45, "axis": "x", "origin": [14.55, 5.81282, 15.0585]},
			"faces": {
				"north": {"uv": [10, 11, 10.25, 11.25], "texture": "#1"},
				"east": {"uv": [9.75, 9.75, 11.25, 10], "texture": "#1"},
				"south": {"uv": [11, 10, 11.25, 10.25], "texture": "#1"},
				"west": {"uv": [10, 3, 11.5, 3.25], "texture": "#1"},
				"up": {"uv": [8.75, 11.25, 8.5, 9.75], "texture": "#1"},
				"down": {"uv": [9, 9.75, 8.75, 11.25], "texture": "#1"}
			}
		},
		{
			"from": [8.55, 15.24264, 4.99264],
			"to": [9.55, 16.24264, 10.99264],
			"rotation": {"angle": 0, "axis": "x", "origin": [14.55, 11.74264, 15.24264]},
			"faces": {
				"north": {"uv": [10.25, 11, 10.5, 11.25], "texture": "#1"},
				"east": {"uv": [10, 3.25, 11.5, 3.5], "texture": "#1"},
				"south": {"uv": [11, 10.25, 11.25, 10.5], "texture": "#1"},
				"west": {"uv": [10, 3.5, 11.5, 3.75], "texture": "#1"},
				"up": {"uv": [9.25, 11.25, 9, 9.75], "texture": "#1"},
				"down": {"uv": [0.25, 10, 0, 11.5], "texture": "#1"}
			}
		},
		{
			"from": [6.4, 15.24264, 4.99264],
			"to": [7.4, 16.24264, 10.99264],
			"rotation": {"angle": 0, "axis": "x", "origin": [12.4, 11.74264, 15.24264]},
			"faces": {
				"north": {"uv": [10.5, 11, 10.75, 11.25], "texture": "#1"},
				"east": {"uv": [10, 3.75, 11.5, 4], "texture": "#1"},
				"south": {"uv": [11, 10.5, 11.25, 10.75], "texture": "#1"},
				"west": {"uv": [4, 10, 5.5, 10.25], "texture": "#1"},
				"up": {"uv": [0.5, 11.5, 0.25, 10], "texture": "#1"},
				"down": {"uv": [0.75, 10, 0.5, 11.5], "texture": "#1"}
			}
		},
		{
			"from": [8.55, 5.81586, 6.67983],
			"to": [9.55, 11.81586, 7.67983],
			"rotation": {"angle": 45, "axis": "x", "origin": [14.55, 16.06586, 11.17983]},
			"faces": {
				"north": {"uv": [5.5, 10, 5.75, 11.5], "texture": "#1"},
				"east": {"uv": [5.75, 10, 6, 11.5], "texture": "#1"},
				"south": {"uv": [6, 10, 6.25, 11.5], "texture": "#1"},
				"west": {"uv": [6.25, 10, 6.5, 11.5], "texture": "#1"},
				"up": {"uv": [11, 11.25, 10.75, 11], "texture": "#1"},
				"down": {"uv": [11.25, 10.75, 11, 11], "texture": "#1"}
			}
		},
		{
			"from": [6.425, 5.81586, 6.67983],
			"to": [7.375, 11.81586, 7.67983],
			"rotation": {"angle": 45, "axis": "x", "origin": [12.4, 16.06586, 11.17983]},
			"faces": {
				"north": {"uv": [6.5, 10, 6.75, 11.5], "texture": "#1"},
				"east": {"uv": [6.75, 10, 7, 11.5], "texture": "#1"},
				"south": {"uv": [10, 8.25, 10.25, 9.75], "texture": "#1"},
				"west": {"uv": [9.75, 10, 10, 11.5], "texture": "#1"},
				"up": {"uv": [11.25, 11.25, 11, 11], "texture": "#1"},
				"down": {"uv": [11.5, 0, 11.25, 0.25], "texture": "#1"}
			}
		},
		{
			"from": [8.55, 10.25, 0.75],
			"to": [9.55, 12, 1.75],
			"rotation": {"angle": 0, "axis": "y", "origin": [14.55, 20.5, 5.25]},
			"faces": {
				"north": {"uv": [9.5, 10.75, 9.75, 11.25], "texture": "#1"},
				"east": {"uv": [1.25, 11, 1.5, 11.5], "texture": "#1"},
				"south": {"uv": [1.5, 11, 1.75, 11.5], "texture": "#1"},
				"west": {"uv": [1.75, 11, 2, 11.5], "texture": "#1"},
				"up": {"uv": [11.5, 0.5, 11.25, 0.25], "texture": "#1"},
				"down": {"uv": [11.5, 0.5, 11.25, 0.75], "texture": "#1"}
			}
		},
		{
			"from": [6.4, 10.25, 0.75],
			"to": [7.4, 12, 1.75],
			"rotation": {"angle": 0, "axis": "y", "origin": [12.4, 20.5, 5.25]},
			"faces": {
				"north": {"uv": [2, 11, 2.25, 11.5], "texture": "#1"},
				"east": {"uv": [2.25, 11, 2.5, 11.5], "texture": "#1"},
				"south": {"uv": [11, 5.75, 11.25, 6.25], "texture": "#1"},
				"west": {"uv": [11, 6.25, 11.25, 6.75], "texture": "#1"},
				"up": {"uv": [1, 11.5, 0.75, 11.25], "texture": "#1"},
				"down": {"uv": [11.5, 0.75, 11.25, 1], "texture": "#1"}
			}
		},
		{
			"from": [15, 7, 0.25],
			"to": [18, 10, 3.25],
			"rotation": {"angle": 0, "axis": "y", "origin": [14, 0, 0.25]},
			"faces": {
				"north": {"uv": [8.5, 4, 9.25, 4.75], "texture": "#1"},
				"east": {"uv": [8.5, 5.25, 9.25, 6], "texture": "#1"},
				"south": {"uv": [8.5, 6, 9.25, 6.75], "texture": "#1"},
				"west": {"uv": [8.5, 6.75, 9.25, 7.5], "texture": "#1"},
				"up": {"uv": [9.25, 8.25, 8.5, 7.5], "texture": "#1"},
				"down": {"uv": [9.25, 8.25, 8.5, 9], "texture": "#1"}
			}
		},
		{
			"from": [15, 7, 3.25],
			"to": [17.5, 9, 12.75],
			"rotation": {"angle": 0, "axis": "y", "origin": [18, 0, 0.25]},
			"faces": {
				"north": {"uv": [10, 4, 10.75, 4.5], "texture": "#1"},
				"east": {"uv": [3.5, 2.5, 6, 3], "texture": "#1"},
				"south": {"uv": [10, 4.5, 10.75, 5], "texture": "#1"},
				"west": {"uv": [3, 3.5, 5.5, 4], "texture": "#1"},
				"up": {"uv": [2.25, 5.5, 1.5, 3], "texture": "#1"},
				"down": {"uv": [3, 3, 2.25, 5.5], "texture": "#1"}
			}
		},
		{
			"from": [15.5, 10, 13.23528],
			"to": [17.5, 12, 15.23528],
			"rotation": {"angle": 0, "axis": "y", "origin": [18, 0, 12.73528]},
			"faces": {
				"north": {"uv": [4, 10.25, 4.5, 10.75], "texture": "#1"},
				"east": {"uv": [4.5, 10.25, 5, 10.75], "texture": "#1"},
				"south": {"uv": [5, 10.25, 5.5, 10.75], "texture": "#1"},
				"west": {"uv": [7, 10.25, 7.5, 10.75], "texture": "#1"},
				"up": {"uv": [8, 10.75, 7.5, 10.25], "texture": "#1"},
				"down": {"uv": [8.5, 10.25, 8, 10.75], "texture": "#1"}
			}
		},
		{
			"from": [15.525, 12.41421, 9.40685],
			"to": [17.475, 14.41421, 15.40685],
			"rotation": {"angle": 45, "axis": "x", "origin": [16.5, 13.41421, 12.40685]},
			"faces": {
				"north": {"uv": [10.25, 8.25, 10.75, 8.75], "texture": "#1"},
				"east": {"uv": [1, 5.5, 2.5, 6], "texture": "#1"},
				"south": {"uv": [10.25, 8.75, 10.75, 9.25], "texture": "#1"},
				"west": {"uv": [5.5, 3.5, 7, 4], "texture": "#1"},
				"up": {"uv": [3, 7, 2.5, 5.5], "texture": "#1"},
				"down": {"uv": [6, 5.25, 5.5, 6.75], "texture": "#1"}
			}
		},
		{
			"from": [15.5, 14.24264, 4.99264],
			"to": [17.5, 16.24264, 10.99264],
			"rotation": {"angle": 0, "axis": "x", "origin": [18, 16.74264, -5.00736]},
			"faces": {
				"north": {"uv": [9.25, 10.25, 9.75, 10.75], "texture": "#1"},
				"east": {"uv": [1, 6, 2.5, 6.5], "texture": "#1"},
				"south": {"uv": [10.25, 9.25, 10.75, 9.75], "texture": "#1"},
				"west": {"uv": [6, 1.5, 7.5, 2], "texture": "#1"},
				"up": {"uv": [5, 7.5, 4.5, 6], "texture": "#1"},
				"down": {"uv": [5.5, 6, 5, 7.5], "texture": "#1"}
			}
		},
		{
			"from": [15.525, 15.28249, -6.17462],
			"to": [17.475, 21.28249, -4.17462],
			"rotation": {"angle": 45, "axis": "x", "origin": [18, 5.28249, -6.67462]},
			"faces": {
				"north": {"uv": [6, 5.25, 6.5, 6.75], "texture": "#1"},
				"east": {"uv": [0, 6.25, 0.5, 7.75], "texture": "#1"},
				"south": {"uv": [0.5, 6.25, 1, 7.75], "texture": "#1"},
				"west": {"uv": [3, 6.25, 3.5, 7.75], "texture": "#1"},
				"up": {"uv": [1.75, 11, 1.25, 10.5], "texture": "#1"},
				"down": {"uv": [2.25, 10.5, 1.75, 11], "texture": "#1"}
			}
		},
		{
			"from": [15, 7, 12.75],
			"to": [18, 10, 15.75],
			"rotation": {"angle": 0, "axis": "y", "origin": [18, 0, 0.25]},
			"faces": {
				"north": {"uv": [9, 0, 9.75, 0.75], "texture": "#1"},
				"east": {"uv": [9, 0.75, 9.75, 1.5], "texture": "#1"},
				"south": {"uv": [9, 1.5, 9.75, 2.25], "texture": "#1"},
				"west": {"uv": [9, 2.25, 9.75, 3], "texture": "#1"},
				"up": {"uv": [4.75, 9.75, 4, 9], "texture": "#1"},
				"down": {"uv": [5.5, 9, 4.75, 9.75], "texture": "#1"}
			}
		},
		{
			"from": [15.5, 10, 0.75],
			"to": [17.5, 12, 2.75],
			"rotation": {"angle": 0, "axis": "y", "origin": [15, 0, 0.25]},
			"faces": {
				"north": {"uv": [10.5, 5.75, 11, 6.25], "texture": "#1"},
				"east": {"uv": [10.5, 6.25, 11, 6.75], "texture": "#1"},
				"south": {"uv": [10.5, 6.75, 11, 7.25], "texture": "#1"},
				"west": {"uv": [10.5, 7.25, 11, 7.75], "texture": "#1"},
				"up": {"uv": [10.5, 11, 10, 10.5], "texture": "#1"},
				"down": {"uv": [11, 10, 10.5, 10.5], "texture": "#1"}
			}
		},
		{
			"from": [-2, 7, 12.75],
			"to": [1, 10, 15.75],
			"rotation": {"angle": 0, "axis": "y", "origin": [-2, 0, 0.25]},
			"faces": {
				"north": {"uv": [5.5, 9, 6.25, 9.75], "texture": "#1"},
				"east": {"uv": [6.25, 9, 7, 9.75], "texture": "#1"},
				"south": {"uv": [7, 9, 7.75, 9.75], "texture": "#1"},
				"west": {"uv": [7.75, 9, 8.5, 9.75], "texture": "#1"},
				"up": {"uv": [9.25, 9.75, 8.5, 9], "texture": "#1"},
				"down": {"uv": [0.75, 9.25, 0, 10], "texture": "#1"}
			}
		},
		{
			"from": [-1.5, 14.24264, 4.99264],
			"to": [0.5, 16.24264, 10.99264],
			"rotation": {"angle": 0, "axis": "x", "origin": [-2, 16.74264, -5.00736]},
			"faces": {
				"north": {"uv": [10.5, 10.5, 11, 11], "texture": "#1"},
				"east": {"uv": [6, 2, 7.5, 2.5], "texture": "#1"},
				"south": {"uv": [10.75, 0, 11.25, 0.5], "texture": "#1"},
				"west": {"uv": [6, 2.5, 7.5, 3], "texture": "#1"},
				"up": {"uv": [4, 7.75, 3.5, 6.25], "texture": "#1"},
				"down": {"uv": [4.5, 6.25, 4, 7.75], "texture": "#1"}
			}
		},
		{
			"from": [-1.475, 12.41421, 9.40685],
			"to": [0.475, 14.41421, 15.40685],
			"rotation": {"angle": 45, "axis": "x", "origin": [-0.5, 13.41421, 12.40685]},
			"faces": {
				"north": {"uv": [10.75, 0.5, 11.25, 1], "texture": "#1"},
				"east": {"uv": [1, 6.5, 2.5, 7], "texture": "#1"},
				"south": {"uv": [0.75, 10.75, 1.25, 11.25], "texture": "#1"},
				"west": {"uv": [6.5, 3, 8, 3.5], "texture": "#1"},
				"up": {"uv": [7, 6.25, 6.5, 4.75], "texture": "#1"},
				"down": {"uv": [7, 6.25, 6.5, 7.75], "texture": "#1"}
			}
		},
		{
			"from": [-1.5, 10, 13.23528],
			"to": [0.5, 12, 15.23528],
			"rotation": {"angle": 0, "axis": "y", "origin": [-2, 0, 12.73528]},
			"faces": {
				"north": {"uv": [10.75, 1, 11.25, 1.5], "texture": "#1"},
				"east": {"uv": [10.75, 1.5, 11.25, 2], "texture": "#1"},
				"south": {"uv": [10.75, 2, 11.25, 2.5], "texture": "#1"},
				"west": {"uv": [2.5, 10.75, 3, 11.25], "texture": "#1"},
				"up": {"uv": [11.25, 3, 10.75, 2.5], "texture": "#1"},
				"down": {"uv": [3.5, 10.75, 3, 11.25], "texture": "#1"}
			}
		},
		{
			"from": [-1.475, 15.28249, -6.17462],
			"to": [0.475, 21.28249, -4.17462],
			"rotation": {"angle": 45, "axis": "x", "origin": [-2, 5.28249, -6.67462]},
			"faces": {
				"north": {"uv": [5.5, 6.75, 6, 8.25], "texture": "#1"},
				"east": {"uv": [6, 6.75, 6.5, 8.25], "texture": "#1"},
				"south": {"uv": [7, 0, 7.5, 1.5], "texture": "#1"},
				"west": {"uv": [1, 7, 1.5, 8.5], "texture": "#1"},
				"up": {"uv": [4, 11.25, 3.5, 10.75], "texture": "#1"},
				"down": {"uv": [4.5, 10.75, 4, 11.25], "texture": "#1"}
			}
		},
		{
			"from": [-1.5, 10, 0.75],
			"to": [0.5, 12, 2.75],
			"rotation": {"angle": 0, "axis": "y", "origin": [-2, 0, 0.25]},
			"faces": {
				"north": {"uv": [10.75, 4, 11.25, 4.5], "texture": "#1"},
				"east": {"uv": [4.5, 10.75, 5, 11.25], "texture": "#1"},
				"south": {"uv": [10.75, 4.5, 11.25, 5], "texture": "#1"},
				"west": {"uv": [5, 10.75, 5.5, 11.25], "texture": "#1"},
				"up": {"uv": [7.5, 11.25, 7, 10.75], "texture": "#1"},
				"down": {"uv": [8, 10.75, 7.5, 11.25], "texture": "#1"}
			}
		},
		{
			"from": [16.5, 0, 3.25],
			"to": [17.5, 1, 12.75],
			"rotation": {"angle": 0, "axis": "y", "origin": [18, 0, 0.25]},
			"faces": {
				"north": {"uv": [1, 11.25, 1.25, 11.5], "texture": "#1"},
				"east": {"uv": [7, 4.75, 9.5, 5], "texture": "#1"},
				"south": {"uv": [11.25, 1, 11.5, 1.25], "texture": "#1"},
				"west": {"uv": [7, 5, 9.5, 5.25], "texture": "#1"},
				"up": {"uv": [2.25, 9.5, 2, 7], "texture": "#1"},
				"down": {"uv": [2.5, 7, 2.25, 9.5], "texture": "#1"}
			}
		},
		{
			"from": [16.5, 8.99264, 4.99264],
			"to": [16.5, 14.24264, 10.99264],
			"rotation": {"angle": 0, "axis": "x", "origin": [18, 16.74264, -5.00736]},
			"faces": {
				"north": {"uv": [0.5, 0, 0.5, 1.3125], "rotation": 180, "texture": "#0"},
				"east": {"uv": [0, 1.5, 1.3125, 3], "rotation": 90, "texture": "#0"},
				"south": {"uv": [0.5, 0, 0.5, 1.3125], "texture": "#0"},
				"west": {"uv": [0, 1.5, 1.3125, 3], "rotation": 270, "texture": "#0"},
				"up": {"uv": [0.5, 0, 0.5, 1.5], "rotation": 180, "texture": "#0"},
				"down": {"uv": [0.5, 0, 0.5, 1.5], "texture": "#0"}
			}
		},
		{
			"from": [16.5, 8.99264, 10.99264],
			"to": [16.5, 13.49264, 13.24264],
			"rotation": {"angle": 0, "axis": "x", "origin": [18, 16.74264, -5.00736]},
			"faces": {
				"north": {"uv": [0.5, 0, 0.5, 1.125], "rotation": 180, "texture": "#0"},
				"east": {"uv": [0, 1.5, 1.125, 2.0625], "rotation": 90, "texture": "#0"},
				"south": {"uv": [0.5, 0, 0.5, 1.125], "texture": "#0"},
				"west": {"uv": [0, 1.5, 1.125, 2.0625], "rotation": 270, "texture": "#0"},
				"up": {"uv": [0.5, 0, 0.5, 0.5625], "rotation": 180, "texture": "#0"},
				"down": {"uv": [0.5, 0, 0.5, 0.5625], "texture": "#0"}
			}
		},
		{
			"from": [16.5, 8.99264, 2.74264],
			"to": [16.5, 13.49264, 4.99264],
			"rotation": {"angle": 0, "axis": "x", "origin": [18, 16.74264, -5.00736]},
			"faces": {
				"north": {"uv": [0.5, 0, 0.5, 1.125], "rotation": 180, "texture": "#0"},
				"east": {"uv": [0, 1.5, 1.125, 2.0625], "rotation": 90, "texture": "#0"},
				"south": {"uv": [0.5, 0, 0.5, 1.125], "texture": "#0"},
				"west": {"uv": [0, 1.5, 1.125, 2.0625], "rotation": 270, "texture": "#0"},
				"up": {"uv": [0.5, 0, 0.5, 0.5625], "rotation": 180, "texture": "#0"},
				"down": {"uv": [0.5, 0, 0.5, 0.5625], "texture": "#0"}
			}
		},
		{
			"from": [-0.5, 8.99264, 2.74264],
			"to": [-0.5, 13.49264, 4.99264],
			"rotation": {"angle": 0, "axis": "x", "origin": [18, 16.74264, -5.00736]},
			"faces": {
				"north": {"uv": [0.5, 0, 0.5, 1.125], "rotation": 180, "texture": "#0"},
				"east": {"uv": [0, 1.5, 1.125, 2.0625], "rotation": 90, "texture": "#0"},
				"south": {"uv": [0.5, 0, 0.5, 1.125], "texture": "#0"},
				"west": {"uv": [0, 1.5, 1.125, 2.0625], "rotation": 270, "texture": "#0"},
				"up": {"uv": [0.5, 0, 0.5, 0.5625], "rotation": 180, "texture": "#0"},
				"down": {"uv": [0.5, 0, 0.5, 0.5625], "texture": "#0"}
			}
		},
		{
			"from": [-0.5, 8.99264, 4.99264],
			"to": [-0.5, 14.24264, 10.99264],
			"rotation": {"angle": 0, "axis": "x", "origin": [18, 16.74264, -5.00736]},
			"faces": {
				"north": {"uv": [0.5, 0, 0.5, 1.3125], "rotation": 180, "texture": "#0"},
				"east": {"uv": [0, 1.5, 1.3125, 3], "rotation": 90, "texture": "#0"},
				"south": {"uv": [0.5, 0, 0.5, 1.3125], "texture": "#0"},
				"west": {"uv": [0, 1.5, 1.3125, 3], "rotation": 270, "texture": "#0"},
				"up": {"uv": [0.5, 0, 0.5, 1.5], "rotation": 180, "texture": "#0"},
				"down": {"uv": [0.5, 0, 0.5, 1.5], "texture": "#0"}
			}
		},
		{
			"from": [-0.5, 0.99264, 2.74264],
			"to": [-0.5, 7.24264, 13.24264],
			"rotation": {"angle": 0, "axis": "x", "origin": [18, 16.74264, -5.00736]},
			"faces": {
				"north": {"uv": [0.5, 0, 0.5, 1.5625], "rotation": 180, "texture": "#0"},
				"east": {"uv": [0, 1.375, 1.5625, 4], "rotation": 90, "texture": "#0"},
				"south": {"uv": [0.5, 0, 0.5, 1.5625], "texture": "#0"},
				"west": {"uv": [0, 1.375, 1.5625, 4], "rotation": 270, "texture": "#0"},
				"up": {"uv": [0.5, 0, 0.5, 2.625], "rotation": 180, "texture": "#0"},
				"down": {"uv": [0.5, 0, 0.5, 2.625], "texture": "#0"}
			}
		},
		{
			"from": [16.5, 0.99264, 2.74264],
			"to": [16.5, 7.24264, 13.24264],
			"rotation": {"angle": 0, "axis": "x", "origin": [18, 16.74264, -5.00736]},
			"faces": {
				"north": {"uv": [0.5, 0, 0.5, 1.5625], "rotation": 180, "texture": "#0"},
				"east": {"uv": [0, 1.375, 1.5625, 4], "rotation": 90, "texture": "#0"},
				"south": {"uv": [0.5, 0, 0.5, 1.5625], "texture": "#0"},
				"west": {"uv": [0, 1.375, 1.5625, 4], "rotation": 270, "texture": "#0"},
				"up": {"uv": [0.5, 0, 0.5, 2.625], "rotation": 180, "texture": "#0"},
				"down": {"uv": [0.5, 0, 0.5, 2.625], "texture": "#0"}
			}
		},
		{
			"from": [0.5, 1, 14.249],
			"to": [15.5, 7, 14.249],
			"rotation": {"angle": 0, "axis": "y", "origin": [10.25, 3.875, 7.974]},
			"faces": {
				"north": {"uv": [0, 0.25, 1.5, 4], "rotation": 90, "texture": "#0"},
				"east": {"uv": [0.5, 0, 0.5, 1.5], "texture": "#0"},
				"south": {"uv": [0, 0.25, 1.5, 4], "rotation": 270, "texture": "#0"},
				"west": {"uv": [0.5, 0, 0.5, 1.5], "rotation": 180, "texture": "#0"},
				"up": {"uv": [0.5, 0, 0.5, 3.75], "rotation": 90, "texture": "#0"},
				"down": {"uv": [0.5, 0, 0.5, 3.75], "rotation": 90, "texture": "#0"}
			}
		},
		{
			"from": [0.5, 1, 1.749],
			"to": [15.5, 7, 1.749],
			"rotation": {"angle": 0, "axis": "y", "origin": [10.25, 3.875, 7.974]},
			"faces": {
				"north": {"uv": [0, 0.25, 1.5, 4], "rotation": 90, "texture": "#0"},
				"east": {"uv": [0.5, 0, 0.5, 1.5], "texture": "#0"},
				"south": {"uv": [0, 0.25, 1.5, 4], "rotation": 270, "texture": "#0"},
				"west": {"uv": [0.5, 0, 0.5, 1.5], "rotation": 180, "texture": "#0"},
				"up": {"uv": [0.5, 0, 0.5, 3.75], "rotation": 90, "texture": "#0"},
				"down": {"uv": [0.5, 0, 0.5, 3.75], "rotation": 90, "texture": "#0"}
			}
		},
		{
			"from": [-0.5, 8.99264, 10.99264],
			"to": [-0.5, 13.49264, 13.24264],
			"rotation": {"angle": 0, "axis": "x", "origin": [18, 16.74264, -5.00736]},
			"faces": {
				"north": {"uv": [0.5, 0, 0.5, 1.125], "rotation": 180, "texture": "#0"},
				"east": {"uv": [0, 1.5, 1.125, 2.0625], "rotation": 90, "texture": "#0"},
				"south": {"uv": [0.5, 0, 0.5, 1.125], "texture": "#0"},
				"west": {"uv": [0, 1.5, 1.125, 2.0625], "rotation": 270, "texture": "#0"},
				"up": {"uv": [0.5, 0, 0.5, 0.5625], "rotation": 180, "texture": "#0"},
				"down": {"uv": [0.5, 0, 0.5, 0.5625], "texture": "#0"}
			}
		}
	],
	"display": {
		"thirdperson_righthand": {
			"rotation": [75, 45, 0],
			"translation": [0, 2.5, 0],
			"scale": [0.375, 0.375, 0.375]
		},
		"thirdperson_lefthand": {
			"rotation": [75, 45, 0],
			"translation": [0, 2.5, 0],
			"scale": [0.375, 0.375, 0.375]
		},
		"firstperson_righthand": {
			"rotation": [0, 45, 0],
			"scale": [0.4, 0.4, 0.4]
		},
		"firstperson_lefthand": {
			"rotation": [0, 225, 0],
			"scale": [0.4, 0.4, 0.4]
		},
		"gui": {
			"rotation": [30, 225, 0],
			"scale": [0.625, 0.625, 0.625]
		},
		"fixed": {
			"rotation": [-90, 0, 0],
			"translation": [0, 0, -12.5],
			"scale": [1.59, 1.59, 1.59]
		}
	},
	"groups": [
		0,
		1,
		2,
		3,
		4,
		5,
		{
			"name": "frame",
			"origin": [18, 0, 0.25],
			"color": 0,
			"children": [6, 7, 8, 9, 10, 11, 12, 13, 14, 15, 16, 17, 18, 19, 20, 21, 22, 23, 24, 25, 26, 27, 28, 29, 30, 31, 32, 33, 34, 35, 36, 37, 38, 39, 40, 41, 42, 43, 44, 45, 46, 47, 48]
		},
		49,
		50,
		51,
		52,
		53,
		54,
		55,
		56,
		57,
		58
	]
}