{
    "credit": "aiden_models",
    "parent": "item/generated",
    "textures": {
        "layer0": "item/pink_dye"
    },
    "overrides": [
        {
            "predicate": {
                "custom_model_data": 1
            },
            "model": "custom/crates/season1/afk_crate/afk_crate"
        },
        {
            "predicate": {
                "custom_model_data": 2
            },
            "model": "custom/crates/season1/ams_crate/ams_crate"
        },
        {
            "predicate": {
                "custom_model_data": 3
            },
            "model": "custom/crates/season1/daily_crate/daily_crate"
        },
        {
            "predicate": {
                "custom_model_data": 4
            },
            "model": "custom/crates/season1/event_crate/event_crate"
        },
        {
            "predicate": {
                "custom_model_data": 5
            },
            "model": "custom/crates/season1/tower_crate/tower_crate"
        }
    ]
}